"","GO.IDs","over_represented_pvalue","under_represented_pvalue","numDEInCat","numInCat","term","ontology","Cat","GO.Slim.Term","gene","uniprot","uniprot_taxa.id","uniprot.name"
"1","GO:0000720",0.0230142108852451,0.99926324348882,2,3,"pyrimidine dimer repair by nucleotide-excision repair","BP","P","DNA metabolism","PGEN_.00g206440; PGEN_.00g048200","P51612; Q96EB6","XPC_MOUSE; SIR1_HUMAN","DNA repair protein complementing XP-C cells homolog (Xeroderma pigmentosum group C-complementing protein homolog) (p125); NAD-dependent protein deacetylase sirtuin-1 (hSIRT1) (EC 2.3.1.286) (NAD-dependent protein deacylase sirtuin-1) (EC 2.3.1.-) (Regulatory protein SIR2 homolog 1) (SIR2-like protein 1) (hSIR2) [Cleaved into: SirtT1 75 kDa fragment (75SirT1)]"
"2","GO:0070447",0.0353658345926556,0.995478453854976,3,8,"positive regulation of oligodendrocyte progenitor proliferation","BP","P","cell cycle and proliferation","PGEN_.00g299380; PGEN_.00g229320; PGEN_.00g229340","C0HL13; P98158; P98158","LRP2_PIG; LRP2_RAT; LRP2_RAT","Low-density lipoprotein receptor-related protein 2 (LRP-2) (Glycoprotein 330) (gp330) (Megalin); Low-density lipoprotein receptor-related protein 2 (LRP-2) (Glycoprotein 330) (gp330) (Megalin); Low-density lipoprotein receptor-related protein 2 (LRP-2) (Glycoprotein 330) (gp330) (Megalin)"
"3","GO:0022604",0.00174415005201709,0.999766541569387,6,16,"regulation of cell morphogenesis","BP","P","cell organization and biogenesis","PGEN_.00g023790; PGEN_.00g005310; PGEN_.00g206990; PGEN_.00g100690; PGEN_.00g163440; PGEN_.00g301440","Q5SVZ6; Q5SVZ6; Q5SVZ6; Q5HYK7; Q5SVZ6; Q5T5Y3","ZMYM1_HUMAN; ZMYM1_HUMAN; ZMYM1_HUMAN; SH319_HUMAN; ZMYM1_HUMAN; CAMP1_HUMAN","Zinc finger MYM-type protein 1; Zinc finger MYM-type protein 1; Zinc finger MYM-type protein 1; SH3 domain-containing protein 19 (ADAM-binding protein Eve-1) (EEN-binding protein) (EBP); Zinc finger MYM-type protein 1; Calmodulin-regulated spectrin-associated protein 1"
"4","GO:0034058",0.00520547667969683,0.999548857666235,4,8,"endosomal vesicle fusion","BP","P","cell organization and biogenesis","PGEN_.00g332750; PGEN_.00g185910; PGEN_.00g199100; PGEN_.00g262850","Q0P5W1; Q9UN37; Q91W86; P49754","VPS8_MOUSE; VPS4A_HUMAN; VPS11_MOUSE; VPS41_HUMAN","Vacuolar protein sorting-associated protein 8 homolog; Vacuolar protein sorting-associated protein 4A (EC 3.6.4.6) (Protein SKD2) (VPS4-1) (hVPS4); Vacuolar protein sorting-associated protein 11 homolog; Vacuolar protein sorting-associated protein 41 homolog (S53)"
"5","GO:0001886",0.0209237120591413,0.998134168914534,3,6,"endothelial cell morphogenesis","BP","P","cell organization and biogenesis","PGEN_.00g087850; PGEN_.00g325600; PGEN_.00g211830","Q9ULI3; Q99466; P16056","HEG1_HUMAN; NOTC4_HUMAN; MET_MOUSE","Protein HEG homolog 1; Neurogenic locus notch homolog protein 4 (Notch 4) (hNotch4) [Cleaved into: Notch 4 extracellular truncation; Notch 4 intracellular domain]; Hepatocyte growth factor receptor (HGF receptor) (EC 2.7.10.1) (HGF/SF receptor) (Proto-oncogene c-Met) (Scatter factor receptor) (SF receptor) (Tyrosine-protein kinase Met)"
"6","GO:0032204",0.0221923981620956,0.997974585027782,3,6,"regulation of telomere maintenance","BP","P","cell organization and biogenesis","PGEN_.00g024380; PGEN_.00g006160; PGEN_.00g050570","P49750; Q96Q15; Q96Q15","YLPM1_HUMAN; SMG1_HUMAN; SMG1_HUMAN","YLP motif-containing protein 1 (Nuclear protein ZAP3) (ZAP113); Serine/threonine-protein kinase SMG1 (SMG-1) (hSMG-1) (EC 2.7.11.1) (61E3.4) (Lambda/iota protein kinase C-interacting protein) (Lambda-interacting protein); Serine/threonine-protein kinase SMG1 (SMG-1) (hSMG-1) (EC 2.7.11.1) (61E3.4) (Lambda/iota protein kinase C-interacting protein) (Lambda-interacting protein)"
"7","GO:0000395",0.0226421896903992,0.999281615032629,2,3,"mRNA 5'-splice site recognition","BP","P","cell organization and biogenesis","PGEN_.00g160000; PGEN_.00g345530","C3Z1P5; Q66T72","RU1C_BRAFL; PSIP1_FELCA","U1 small nuclear ribonucleoprotein C (U1 snRNP C) (U1-C) (U1C); PC4 and SFRS1-interacting protein (LEDGF/p75) (Lens epithelium-derived growth factor) (Transcription coactivator p75)"
"8","GO:0071555",0.0344078467461164,0.998078542396072,2,4,"cell wall organization","BP","P","cell organization and biogenesis","PGEN_.00g187610; PGEN_.00g059470","P27623; P15555","TAGD_BACSU; DAC_STRSR","Glycerol-3-phosphate cytidylyltransferase (GCT) (GCTase) (Gro-PCT) (EC 2.7.7.39) (CDP-glycerol pyrophosphorylase) (Teichoic acid biosynthesis protein D); D-alanyl-D-alanine carboxypeptidase (DD-carboxypeptidase) (DD-peptidase) (EC 3.4.16.4)"
"9","GO:0060438",0.0041811964307224,0.999881910865773,3,4,"trachea development","BP","P","developmental processes","PGEN_.00g030400; PGEN_.00g190220; PGEN_.00g190230","Q9VZF4; Q4G0P3; Q80W93","FBXW7_DROME; HYDIN_HUMAN; HYDIN_MOUSE","F-box/WD repeat-containing protein 7 (F-box and WD-40 domain-containing protein 7) (Protein archipelago); Hydrocephalus-inducing protein homolog; Hydrocephalus-inducing protein (Protein Hy-3)"
"10","GO:0001569",0.0058671228387223,0.99972675513439,3,5,"branching involved in blood vessel morphogenesis","BP","P","developmental processes","PGEN_.00g213520; PGEN_.00g325600; PGEN_.00g260940","Q6DRC0; Q99466; Q7SIB2","SYSC_DANRE; NOTC4_HUMAN; CO4A1_BOVIN","Serine--tRNA ligase, cytoplasmic (EC 6.1.1.11) (Seryl-tRNA synthetase) (SerRS); Neurogenic locus notch homolog protein 4 (Notch 4) (hNotch4) [Cleaved into: Notch 4 extracellular truncation; Notch 4 intracellular domain]; Collagen alpha-1(IV) chain [Cleaved into: Arresten]"
"11","GO:0048642",0.00834490549190986,1,2,2,"negative regulation of skeletal muscle tissue development","BP","P","developmental processes","PGEN_.00g318790; PGEN_.00g211860","Q90VV1; O94966","HES4B_XENLA; UBP19_HUMAN","Transcription factor HES-4-B (Hairy and enhancer of split 4-B) (Protein hairy-2) (Xhairy2) (Protein hairy-2a) (Xhairy2b); Ubiquitin carboxyl-terminal hydrolase 19 (EC 3.4.19.12) (Deubiquitinating enzyme 19) (Ubiquitin thioesterase 19) (Ubiquitin-specific-processing protease 19) (Zinc finger MYND domain-containing protein 9)"
"12","GO:0048843",0.0157490412501375,0.998931540127589,3,5,"negative regulation of axon extension involved in axon guidance","BP","P","developmental processes","PGEN_.00g204470; PGEN_.00g018080; PGEN_.00g197510","P41221; G5EFX6; Q24323","WNT5A_HUMAN; SLIT1_CAEEL; SEM2A_DROME","Protein Wnt-5a; Slit homolog 1 protein (Slt-1); Semaphorin-2A (Semaphorin-II) (Sema II)"
"13","GO:0060068",0.017860739761614,0.997383393391499,4,11,"vagina development","BP","P","developmental processes","PGEN_.00g204470; PGEN_.00g299380; PGEN_.00g229320; PGEN_.00g229340","P41221; C0HL13; P98158; P98158","WNT5A_HUMAN; LRP2_PIG; LRP2_RAT; LRP2_RAT","Protein Wnt-5a; Low-density lipoprotein receptor-related protein 2 (LRP-2) (Glycoprotein 330) (gp330) (Megalin); Low-density lipoprotein receptor-related protein 2 (LRP-2) (Glycoprotein 330) (gp330) (Megalin); Low-density lipoprotein receptor-related protein 2 (LRP-2) (Glycoprotein 330) (gp330) (Megalin)"
"14","GO:0072499",0.027677199129471,0.997241968654183,3,6,"photoreceptor cell axon guidance","BP","P","developmental processes","PGEN_.00g279870; PGEN_.00g213480; PGEN_.00g022420","P00522; P20241; Q00963","ABL_DROME; NRG_DROME; SPTCB_DROME","Tyrosine-protein kinase Abl (EC 2.7.10.2) (D-ash) (Protein abelson); Neuroglian; Spectrin beta chain"
"15","GO:0021553",0.0332280156751253,0.998695593537034,2,3,"olfactory nerve development","BP","P","developmental processes","PGEN_.00g304170; PGEN_.00g121190","Q9NSC2; P20009","SALL1_HUMAN; DLL_DROME","Sal-like protein 1 (Spalt-like transcription factor 1) (Zinc finger protein 794) (Zinc finger protein SALL1) (Zinc finger protein Spalt-1) (HSal1) (Sal-1); Homeotic protein distal-less (Protein brista)"
"16","GO:0060216",0.0400270973747832,0.994620228874209,3,8,"definitive hemopoiesis","BP","P","developmental processes","PGEN_.00g054210; PGEN_.00g073040; PGEN_.00g131630","Q4TVV3; Q63046; P11274","DDX46_DANRE; RUNX1_RAT; BCR_HUMAN","Probable ATP-dependent RNA helicase DDX46 (EC 3.6.4.13) (DEAD box protein 46); Runt-related transcription factor 1 (Acute myeloid leukemia 1 protein) (Core-binding factor subunit alpha-2) (CBF-alpha-2) (Oncogene AML-1) (Polyomavirus enhancer-binding protein 2 alpha B subunit) (PEA2-alpha B) (PEBP2-alpha B); Breakpoint cluster region protein (EC 2.7.11.1) (Renal carcinoma antigen NY-REN-26)"
"17","GO:0040016",0.0450375505508719,0.997075953377901,2,4,"embryonic cleavage","BP","P","developmental processes","PGEN_.00g333150; PGEN_.00g009130","Q01320; Q7ZVT3","TOP2A_MOUSE; SAS6_DANRE","DNA topoisomerase 2-alpha (EC 5.6.2.2) (DNA topoisomerase II, alpha isozyme); Spindle assembly abnormal protein 6 homolog"
"18","GO:0003223",0.0473433025654986,0.99289900100418,3,9,"ventricular compact myocardium morphogenesis","BP","P","developmental processes","PGEN_.00g299380; PGEN_.00g229320; PGEN_.00g229340","C0HL13; P98158; P98158","LRP2_PIG; LRP2_RAT; LRP2_RAT","Low-density lipoprotein receptor-related protein 2 (LRP-2) (Glycoprotein 330) (gp330) (Megalin); Low-density lipoprotein receptor-related protein 2 (LRP-2) (Glycoprotein 330) (gp330) (Megalin); Low-density lipoprotein receptor-related protein 2 (LRP-2) (Glycoprotein 330) (gp330) (Megalin)"
"19","GO:0003139",0.0487111493506385,0.992608119804975,3,9,"secondary heart field specification","BP","P","developmental processes","PGEN_.00g299380; PGEN_.00g229320; PGEN_.00g229340","C0HL13; P98158; P98158","LRP2_PIG; LRP2_RAT; LRP2_RAT","Low-density lipoprotein receptor-related protein 2 (LRP-2) (Glycoprotein 330) (gp330) (Megalin); Low-density lipoprotein receptor-related protein 2 (LRP-2) (Glycoprotein 330) (gp330) (Megalin); Low-density lipoprotein receptor-related protein 2 (LRP-2) (Glycoprotein 330) (gp330) (Megalin)"
"20","GO:0010460",0.00759627146461227,1,2,2,"positive regulation of heart rate","BP","P","other biological processes","PGEN_.00g252700; PGEN_.00g006410","Q9ESQ5; P43005","TRPM4_RAT; EAA3_HUMAN","Transient receptor potential cation channel subfamily M member 4 (Calcium-activated non-selective cation channel 1) (Long transient receptor potential channel 4) (LTrpC-4) (LTrpC4) (MLS2s) (Melastatin-like 2); Excitatory amino acid transporter 3 (Excitatory amino-acid carrier 1) (Neuronal and epithelial glutamate transporter) (Sodium-dependent glutamate/aspartate transporter 3) (Solute carrier family 1 member 1)"
"21","GO:0035994",0.00762783203926462,1,2,2,"response to muscle stretch","BP","P","other biological processes","PGEN_.00g277910; PGEN_.00g113850","Q61165; Q04861","SL9A1_MOUSE; NFKB1_CHICK","Sodium/hydrogen exchanger 1 (Na(+)/H(+) exchanger 1) (NHE-1) (Solute carrier family 9 member 1); Nuclear factor NF-kappa-B p105 subunit (Nuclear factor of kappa light polypeptide gene enhancer in B-cells 1) [Cleaved into: Nuclear factor NF-kappa-B p50 subunit]"
"22","GO:0007632",0.0138010751247945,1,2,2,"visual behavior","BP","P","other biological processes","PGEN_.00g197510; PGEN_.00g192440","Q24323; P31596","SEM2A_DROME; EAA2_RAT","Semaphorin-2A (Semaphorin-II) (Sema II); Excitatory amino acid transporter 2 (GLT-1) (Sodium-dependent glutamate/aspartate transporter 2) (GLUT-R) (Solute carrier family 1 member 2)"
"23","GO:0031669",0.0158179196491687,0.998735248988393,3,6,"cellular response to nutrient levels","BP","P","other biological processes","PGEN_.00g004830; PGEN_.00g047810; PGEN_.00g004840","Q8BRK8; P97615; P54646","AAPK2_MOUSE; THIOM_RAT; AAPK2_HUMAN","5'-AMP-activated protein kinase catalytic subunit alpha-2 (AMPK subunit alpha-2) (EC 2.7.11.1) (Acetyl-CoA carboxylase kinase) (ACACA kinase) (EC 2.7.11.27) (Hydroxymethylglutaryl-CoA reductase kinase) (HMGCR kinase) (EC 2.7.11.31); Thioredoxin, mitochondrial (MTRX) (Mt-Trx) (Thioredoxin-2); 5'-AMP-activated protein kinase catalytic subunit alpha-2 (AMPK subunit alpha-2) (EC 2.7.11.1) (Acetyl-CoA carboxylase kinase) (ACACA kinase) (EC 2.7.11.27) (Hydroxymethylglutaryl-CoA reductase kinase) (HMGCR kinase) (EC 2.7.11.31)"
"24","GO:0030317",0.0181520593886028,0.995602717810698,6,23,"flagellated sperm motility","BP","P","other biological processes","PGEN_.00g076380; PGEN_.00g034960; PGEN_.00g211830; PGEN_.00g008080; PGEN_.00g290410; PGEN_.00g053950","P0DMQ6; P82094; P16056; Q9NQI0; Q9P2D7; Q4G0X9","DHSO_CHICK; TMF1_HUMAN; MET_MOUSE; DDX4_HUMAN; DYH1_HUMAN; CCD40_HUMAN","Sorbitol dehydrogenase (SDH) (EC 1.1.1.-) (Polyol dehydrogenase); TATA element modulatory factor (TMF) (Androgen receptor coactivator 160 kDa protein) (Androgen receptor-associated protein of 160 kDa); Hepatocyte growth factor receptor (HGF receptor) (EC 2.7.10.1) (HGF/SF receptor) (Proto-oncogene c-Met) (Scatter factor receptor) (SF receptor) (Tyrosine-protein kinase Met); Probable ATP-dependent RNA helicase DDX4 (EC 3.6.4.13) (DEAD box protein 4) (Vasa homolog); Dynein heavy chain 1, axonemal (Axonemal beta dynein heavy chain 1) (Ciliary dynein heavy chain 1) (Heat shock regulated protein 1) (HSRF-1) (hDHC7); Coiled-coil domain-containing protein 40"
"25","GO:0043114",0.0223197758766466,0.997760565685082,3,7,"regulation of vascular permeability","BP","P","other biological processes","PGEN_.00g164020; PGEN_.00g148340; PGEN_.00g131630","P16066; P16066; P11274","ANPRA_HUMAN; ANPRA_HUMAN; BCR_HUMAN","Atrial natriuretic peptide receptor 1 (EC 4.6.1.2) (Atrial natriuretic peptide receptor type A) (ANP-A) (ANPR-A) (NPR-A) (Guanylate cyclase A) (GC-A); Atrial natriuretic peptide receptor 1 (EC 4.6.1.2) (Atrial natriuretic peptide receptor type A) (ANP-A) (ANPR-A) (NPR-A) (Guanylate cyclase A) (GC-A); Breakpoint cluster region protein (EC 2.7.11.1) (Renal carcinoma antigen NY-REN-26)"
"26","GO:0032526",0.0252949683608296,0.995659131883396,4,13,"response to retinoic acid","BP","P","other biological processes","PGEN_.00g073040; PGEN_.00g258860; PGEN_.00g229320; PGEN_.00g229340","Q63046; O43174; P98158; P98158","RUNX1_RAT; CP26A_HUMAN; LRP2_RAT; LRP2_RAT","Runt-related transcription factor 1 (Acute myeloid leukemia 1 protein) (Core-binding factor subunit alpha-2) (CBF-alpha-2) (Oncogene AML-1) (Polyomavirus enhancer-binding protein 2 alpha B subunit) (PEA2-alpha B) (PEBP2-alpha B); Cytochrome P450 26A1 (EC 1.14.13.-) (Cytochrome P450 retinoic acid-inactivating 1) (Cytochrome P450RAI) (hP450RAI) (Retinoic acid 4-hydroxylase) (Retinoic acid-metabolizing cytochrome); Low-density lipoprotein receptor-related protein 2 (LRP-2) (Glycoprotein 330) (gp330) (Megalin); Low-density lipoprotein receptor-related protein 2 (LRP-2) (Glycoprotein 330) (gp330) (Megalin)"
"27","GO:0002064",0.0281119935589367,0.998994820344969,2,3,"epithelial cell development","BP","P","other biological processes","PGEN_.00g190220; PGEN_.00g190230","Q4G0P3; Q80W93","HYDIN_HUMAN; HYDIN_MOUSE","Hydrocephalus-inducing protein homolog; Hydrocephalus-inducing protein (Protein Hy-3)"
"28","GO:0071380",0.0306792918532901,0.998848287112028,2,3,"cellular response to prostaglandin E stimulus","BP","P","other biological processes","PGEN_.00g004830; PGEN_.00g004840","Q8BRK8; P54646","AAPK2_MOUSE; AAPK2_HUMAN","5'-AMP-activated protein kinase catalytic subunit alpha-2 (AMPK subunit alpha-2) (EC 2.7.11.1) (Acetyl-CoA carboxylase kinase) (ACACA kinase) (EC 2.7.11.27) (Hydroxymethylglutaryl-CoA reductase kinase) (HMGCR kinase) (EC 2.7.11.31); 5'-AMP-activated protein kinase catalytic subunit alpha-2 (AMPK subunit alpha-2) (EC 2.7.11.1) (Acetyl-CoA carboxylase kinase) (ACACA kinase) (EC 2.7.11.27) (Hydroxymethylglutaryl-CoA reductase kinase) (HMGCR kinase) (EC 2.7.11.31)"
"29","GO:0032480",0.0346610164054338,0.995604233350099,3,8,"negative regulation of type I interferon production","BP","P","other biological processes","PGEN_.00g057390; PGEN_.00g220380; PGEN_.00g256920","Q9ES54; Q9UHD2; O95786","NPL4_RAT; TBK1_HUMAN; DDX58_HUMAN","Nuclear protein localization protein 4 homolog (Protein NPL4); Serine/threonine-protein kinase TBK1 (EC 2.7.11.1) (NF-kappa-B-activating kinase) (T2K) (TANK-binding kinase 1); Antiviral innate immune response receptor RIG-I (DEAD box protein 58) (Probable ATP-dependent RNA helicase DDX58) (EC 3.6.4.13) (RIG-I-like receptor 1) (RLR-1) (Retinoic acid-inducible gene 1 protein) (RIG-1) (Retinoic acid-inducible gene I protein) (RIG-I)"
"30","GO:0048511",0.037064229412539,0.986623374735339,8,41,"rhythmic process","BP","P","other biological processes","PGEN_.00g042060; PGEN_.00g333150; PGEN_.00g240870; PGEN_.00g072260; PGEN_.00g004830; PGEN_.00g172310; PGEN_.00g238800; PGEN_.00g004840","P51049; Q01320; O17482; Q5XXP2; Q8BRK8; Q921F2; Q93008; P54646","MR1BB_DANRE; TOP2A_MOUSE; TIM_DROVI; OPN4_PHOSU; AAPK2_MOUSE; TADBP_MOUSE; USP9X_HUMAN; AAPK2_HUMAN","Melatonin receptor type 1B-B (Mel-1B-R-B) (Mel1b receptor B) (Melatonin receptor Mel1b Z2.6-4) (zMel1b-1); DNA topoisomerase 2-alpha (EC 5.6.2.2) (DNA topoisomerase II, alpha isozyme); Protein timeless; Melanopsin (Opsin-4); 5'-AMP-activated protein kinase catalytic subunit alpha-2 (AMPK subunit alpha-2) (EC 2.7.11.1) (Acetyl-CoA carboxylase kinase) (ACACA kinase) (EC 2.7.11.27) (Hydroxymethylglutaryl-CoA reductase kinase) (HMGCR kinase) (EC 2.7.11.31); TAR DNA-binding protein 43 (TDP-43); Probable ubiquitin carboxyl-terminal hydrolase FAF-X (EC 3.4.19.12) (Deubiquitinating enzyme FAF-X) (Fat facets in mammals) (hFAM) (Fat facets protein-related, X-linked) (Ubiquitin thioesterase FAF-X) (Ubiquitin-specific protease 9, X chromosome) (Ubiquitin-specific-processing protease FAF-X); 5'-AMP-activated protein kinase catalytic subunit alpha-2 (AMPK subunit alpha-2) (EC 2.7.11.1) (Acetyl-CoA carboxylase kinase) (ACACA kinase) (EC 2.7.11.27) (Hydroxymethylglutaryl-CoA reductase kinase) (HMGCR kinase) (EC 2.7.11.31)"
"31","GO:0031670",0.0408159764172548,0.997492811695206,2,4,"cellular response to nutrient","BP","P","other biological processes","PGEN_.00g316730; PGEN_.00g212560","O95271; Q6PFX9","TNKS1_HUMAN; TNKS1_MOUSE","Poly [ADP-ribose] polymerase tankyrase-1 (EC 2.4.2.30) (ADP-ribosyltransferase diphtheria toxin-like 5) (ARTD5) (Poly [ADP-ribose] polymerase 5A) (Protein poly-ADP-ribosyltransferase tankyrase-1) (EC 2.4.2.-) (TNKS-1) (TRF1-interacting ankyrin-related ADP-ribose polymerase) (Tankyrase I) (Tankyrase-1) (TANK1); Poly [ADP-ribose] polymerase tankyrase-1 (EC 2.4.2.30) (ADP-ribosyltransferase diphtheria toxin-like 5) (ARTD5) (Protein poly-ADP-ribosyltransferase tankyrase-1) (EC 2.4.2.-) (TRF1-interacting ankyrin-related ADP-ribose polymerase 1) (Tankyrase I) (Tankyrase-1) (TANK1)"
"32","GO:0071383",0.0427421541168726,0.997305596772911,2,4,"cellular response to steroid hormone stimulus","BP","P","other biological processes","PGEN_.00g282120; PGEN_.00g145380","O15118; Q5R5I4","NPC1_HUMAN; UB2L3_PONAB","NPC intracellular cholesterol transporter 1 (Niemann-Pick C1 protein); Ubiquitin-conjugating enzyme E2 L3 (EC 2.3.2.23) (E2 ubiquitin-conjugating enzyme L3) (Ubiquitin carrier protein L3) (Ubiquitin-protein ligase L3)"
"33","GO:0006766",0.00684401003496982,0.999662389098658,3,5,"vitamin metabolic process","BP","P","other metabolic processes","PGEN_.00g258860; PGEN_.00g229320; PGEN_.00g229340","O43174; P98158; P98158","CP26A_HUMAN; LRP2_RAT; LRP2_RAT","Cytochrome P450 26A1 (EC 1.14.13.-) (Cytochrome P450 retinoic acid-inactivating 1) (Cytochrome P450RAI) (hP450RAI) (Retinoic acid 4-hydroxylase) (Retinoic acid-metabolizing cytochrome); Low-density lipoprotein receptor-related protein 2 (LRP-2) (Glycoprotein 330) (gp330) (Megalin); Low-density lipoprotein receptor-related protein 2 (LRP-2) (Glycoprotein 330) (gp330) (Megalin)"
"34","GO:0006659",0.00731126034195716,0.999630291116692,3,5,"phosphatidylserine biosynthetic process","BP","P","other metabolic processes","PGEN_.00g316700; PGEN_.00g306550; PGEN_.00g306690","O15162; Q00576; Q00576","PLS1_HUMAN; PTSS1_CRIGR; PTSS1_CRIGR","Phospholipid scramblase 1 (PL scramblase 1) (Ca(2+)-dependent phospholipid scramblase 1) (Erythrocyte phospholipid scramblase) (MmTRA1b); Phosphatidylserine synthase 1 (PSS-1) (PtdSer synthase 1) (EC 2.7.8.29) (Serine-exchange enzyme I); Phosphatidylserine synthase 1 (PSS-1) (PtdSer synthase 1) (EC 2.7.8.29) (Serine-exchange enzyme I)"
"35","GO:0048022",0.0118156037148092,1,2,2,"negative regulation of melanin biosynthetic process","BP","P","other metabolic processes","PGEN_.00g204470; PGEN_.00g254310","P41221; Q8C261","WNT5A_HUMAN; NCKX5_MOUSE","Protein Wnt-5a; Sodium/potassium/calcium exchanger 5 (Na(+)/K(+)/Ca(2+)-exchange protein 5) (Solute carrier family 24 member 5)"
"36","GO:0009247",0.0142330525843197,0.997999887079781,4,12,"glycolipid biosynthetic process","BP","P","other metabolic processes","PGEN_.00g129780; PGEN_.00g135120; PGEN_.00g134400; PGEN_.00g237520","P61315; P61315; P61315; P61315","G3ST3_MOUSE; G3ST3_MOUSE; G3ST3_MOUSE; G3ST3_MOUSE","Galactose-3-O-sulfotransferase 3 (Gal3ST-3) (EC 2.8.2.-) (Beta-galactose-3-O-sulfotransferase 3) (Gal-beta-1, 3-GalNAc 3'-sulfotransferase 3); Galactose-3-O-sulfotransferase 3 (Gal3ST-3) (EC 2.8.2.-) (Beta-galactose-3-O-sulfotransferase 3) (Gal-beta-1, 3-GalNAc 3'-sulfotransferase 3); Galactose-3-O-sulfotransferase 3 (Gal3ST-3) (EC 2.8.2.-) (Beta-galactose-3-O-sulfotransferase 3) (Gal-beta-1, 3-GalNAc 3'-sulfotransferase 3); Galactose-3-O-sulfotransferase 3 (Gal3ST-3) (EC 2.8.2.-) (Beta-galactose-3-O-sulfotransferase 3) (Gal-beta-1, 3-GalNAc 3'-sulfotransferase 3)"
"37","GO:0010951",0.0268474026307472,0.999064249693832,2,3,"negative regulation of endopeptidase activity","BP","P","other metabolic processes","PGEN_.00g229320; PGEN_.00g229340","P98158; P98158","LRP2_RAT; LRP2_RAT","Low-density lipoprotein receptor-related protein 2 (LRP-2) (Glycoprotein 330) (gp330) (Megalin); Low-density lipoprotein receptor-related protein 2 (LRP-2) (Glycoprotein 330) (gp330) (Megalin)"
"38","GO:0009058",0.0309705944558792,0.9962449853164,3,8,"biosynthetic process","BP","P","other metabolic processes","PGEN_.00g051430; PGEN_.00g139850; PGEN_.00g007540","Q2HJF4; P31907; Q5R9T5","PBLD_BOVIN; HOXX_BRADU; SPTC1_PONAB","Phenazine biosynthesis-like domain-containing protein (EC 5.1.-.-); Hydrogenase maturation factor HoxX; Serine palmitoyltransferase 1 (EC 2.3.1.50) (Long chain base biosynthesis protein 1) (LCB 1) (Serine-palmitoyl-CoA transferase 1) (SPT 1) (SPT1)"
"39","GO:0006002",0.0386386043783253,0.998348432699819,2,3,"fructose 6-phosphate metabolic process","BP","P","other metabolic processes","PGEN_.00g058250; PGEN_.00g312400","Q93092; P52034","TALDO_MOUSE; PFKA_DROME","Transaldolase (EC 2.2.1.2); ATP-dependent 6-phosphofructokinase (ATP-PFK) (Phosphofructokinase) (EC 2.7.1.11) (Phosphohexokinase)"
"40","GO:0009083",0.0481912314316469,0.996749045005621,2,4,"branched-chain amino acid catabolic process","BP","P","other metabolic processes","PGEN_.00g130200; PGEN_.00g019720","O55028; P12694","BCKD_MOUSE; ODBA_HUMAN","[3-methyl-2-oxobutanoate dehydrogenase [lipoamide]] kinase, mitochondrial (EC 2.7.11.4) (Branched-chain alpha-ketoacid dehydrogenase kinase) (BCKD-kinase) (BCKDHKIN); 2-oxoisovalerate dehydrogenase subunit alpha, mitochondrial (EC 1.2.4.4) (Branched-chain alpha-keto acid dehydrogenase E1 component alpha chain) (BCKDE1A) (BCKDH E1-alpha)"
"41","GO:0051574",0.00976724436672599,1,2,2,"positive regulation of histone H3-K9 methylation","BP","P","protein metabolism","PGEN_.00g048200; PGEN_.00g188270","Q96EB6; Q62315","SIR1_HUMAN; JARD2_MOUSE","NAD-dependent protein deacetylase sirtuin-1 (hSIRT1) (EC 2.3.1.286) (NAD-dependent protein deacylase sirtuin-1) (EC 2.3.1.-) (Regulatory protein SIR2 homolog 1) (SIR2-like protein 1) (hSIR2) [Cleaved into: SirtT1 75 kDa fragment (75SirT1)]; Protein Jumonji (Jumonji/ARID domain-containing protein 2)"
"42","GO:0051573",0.0111959237256572,1,2,2,"negative regulation of histone H3-K9 methylation","BP","P","protein metabolism","PGEN_.00g067800; PGEN_.00g052930","Q9UBC3; O60341","DNM3B_HUMAN; KDM1A_HUMAN","DNA (cytosine-5)-methyltransferase 3B (Dnmt3b) (EC 2.1.1.37) (DNA methyltransferase HsaIIIB) (DNA MTase HsaIIIB) (M.HsaIIIB); Lysine-specific histone demethylase 1A (EC 1.-.-.-) (BRAF35-HDAC complex protein BHC110) (Flavin-containing amine oxidase domain-containing protein 2)"
"43","GO:2000758",0.0119946482813044,1,2,2,"positive regulation of peptidyl-lysine acetylation","BP","P","protein metabolism","PGEN_.00g004830; PGEN_.00g004840","Q8BRK8; P54646","AAPK2_MOUSE; AAPK2_HUMAN","5'-AMP-activated protein kinase catalytic subunit alpha-2 (AMPK subunit alpha-2) (EC 2.7.11.1) (Acetyl-CoA carboxylase kinase) (ACACA kinase) (EC 2.7.11.27) (Hydroxymethylglutaryl-CoA reductase kinase) (HMGCR kinase) (EC 2.7.11.31); 5'-AMP-activated protein kinase catalytic subunit alpha-2 (AMPK subunit alpha-2) (EC 2.7.11.1) (Acetyl-CoA carboxylase kinase) (ACACA kinase) (EC 2.7.11.27) (Hydroxymethylglutaryl-CoA reductase kinase) (HMGCR kinase) (EC 2.7.11.31)"
"44","GO:0006482",0.0239184989862925,0.999217882410781,2,3,"protein demethylation","BP","P","protein metabolism","PGEN_.00g131030; PGEN_.00g052930","Q9NXW9; O60341","ALKB4_HUMAN; KDM1A_HUMAN","Alpha-ketoglutarate-dependent dioxygenase alkB homolog 4 (Alkylated DNA repair protein alkB homolog 4) (DNA N6-methyl adenine demethylase ALKBH4) (EC 1.14.11.51) (Lysine-specific demethylase ALKBH4) (EC 1.14.11.-); Lysine-specific histone demethylase 1A (EC 1.-.-.-) (BRAF35-HDAC complex protein BHC110) (Flavin-containing amine oxidase domain-containing protein 2)"
"45","GO:0072344",0.0457428337672139,0.997003981550454,2,4,"rescue of stalled ribosome","BP","P","protein metabolism","PGEN_.00g045780; PGEN_.00g033300","Q80YR4; Q8CCP0","ZN598_MOUSE; NEMF_MOUSE","E3 ubiquitin-protein ligase ZNF598 (EC 2.3.2.27) (Zinc finger protein 598); Nuclear export mediator factor Nemf (Serologically defined colon cancer antigen 1 homolog)"
"46","GO:0070885",0.00509891699167972,0.999774586849565,3,5,"negative regulation of calcineurin-NFAT signaling cascade","BP","P","signal transduction","PGEN_.00g002820; PGEN_.00g061400; PGEN_.00g114060","Q70KF4; O35115; Q5YJC2","CMYA5_MOUSE; FHL2_RAT; GSK3B_SPECI","Cardiomyopathy-associated protein 5 (Heart and skeletal muscle-specific and sprouty domain-containing) (Myospryn) (Stretch-response protein 553) (Stretch-responsive fibronectin protein type 3) (TRIM-like protein); Four and a half LIM domains protein 2 (FHL-2) (LIM domain protein DRAL) (Skeletal muscle LIM-protein 3) (SLIM-3); Glycogen synthase kinase-3 beta (GSK-3 beta) (EC 2.7.11.26) (Serine/threonine-protein kinase GSK3B) (EC 2.7.11.1)"
"47","GO:0016055",0.0336266046105868,0.983495034177043,15,93,"Wnt signaling pathway","BP","P","signal transduction","PGEN_.00g208580; PGEN_.00g043790; PGEN_.00g204470; PGEN_.00g190430; PGEN_.00g070040; PGEN_.00g316730; PGEN_.00g332130; PGEN_.00g191680; PGEN_.00g133410; PGEN_.00g004830; PGEN_.00g010610; PGEN_.00g004840; PGEN_.00g114060; PGEN_.00g291150; PGEN_.00g212560","Q3L254; P97346; P41221; O75096; Q9U943; O95271; A0JM23; Q5R4V3; Q503L9; Q8BRK8; O75581; P54646; Q5YJC2; P67868; Q6PFX9","WNT7B_CHICK; NXN_MOUSE; WNT5A_HUMAN; LRP4_HUMAN; APLP_LOCMI; TNKS1_HUMAN; NPHP3_XENTR; KC1G3_PONAB; NXN_DANRE; AAPK2_MOUSE; LRP6_HUMAN; AAPK2_HUMAN; GSK3B_SPECI; CSK2B_BOVIN; TNKS1_MOUSE","Protein Wnt-7b; Nucleoredoxin (EC 1.8.1.8) (Protein Red-1); Protein Wnt-5a; Low-density lipoprotein receptor-related protein 4 (LRP-4) (Multiple epidermal growth factor-like domains 7); Apolipophorins [Cleaved into: Apolipophorin-2 (Apolipophorin II) (apoLp-2); Apolipophorin-1 (Apolipophorin I) (apoLp-1)]; Poly [ADP-ribose] polymerase tankyrase-1 (EC 2.4.2.30) (ADP-ribosyltransferase diphtheria toxin-like 5) (ARTD5) (Poly [ADP-ribose] polymerase 5A) (Protein poly-ADP-ribosyltransferase tankyrase-1) (EC 2.4.2.-) (TNKS-1) (TRF1-interacting ankyrin-related ADP-ribose polymerase) (Tankyrase I) (Tankyrase-1) (TANK1); Nephrocystin-3; Casein kinase I isoform gamma-3 (CKI-gamma 3) (EC 2.7.11.1); Nucleoredoxin (EC 1.8.1.8); 5'-AMP-activated protein kinase catalytic subunit alpha-2 (AMPK subunit alpha-2) (EC 2.7.11.1) (Acetyl-CoA carboxylase kinase) (ACACA kinase) (EC 2.7.11.27) (Hydroxymethylglutaryl-CoA reductase kinase) (HMGCR kinase) (EC 2.7.11.31); Low-density lipoprotein receptor-related protein 6 (LRP-6); 5'-AMP-activated protein kinase catalytic subunit alpha-2 (AMPK subunit alpha-2) (EC 2.7.11.1) (Acetyl-CoA carboxylase kinase) (ACACA kinase) (EC 2.7.11.27) (Hydroxymethylglutaryl-CoA reductase kinase) (HMGCR kinase) (EC 2.7.11.31); Glycogen synthase kinase-3 beta (GSK-3 beta) (EC 2.7.11.26) (Serine/threonine-protein kinase GSK3B) (EC 2.7.11.1); Casein kinase II subunit beta (CK II beta) (Phosvitin); Poly [ADP-ribose] polymerase tankyrase-1 (EC 2.4.2.30) (ADP-ribosyltransferase diphtheria toxin-like 5) (ARTD5) (Protein poly-ADP-ribosyltransferase tankyrase-1) (EC 2.4.2.-) (TRF1-interacting ankyrin-related ADP-ribose polymerase 1) (Tankyrase I) (Tankyrase-1) (TANK1)"
"48","GO:0035024",0.0470276324050614,0.992965617298596,3,9,"negative regulation of Rho protein signal transduction","BP","P","signal transduction","PGEN_.00g087850; PGEN_.00g211830; PGEN_.00g163480","Q9ULI3; P16056; Q4FZU8","HEG1_HUMAN; MET_MOUSE; RIPR1_RAT","Protein HEG homolog 1; Hepatocyte growth factor receptor (HGF receptor) (EC 2.7.10.1) (HGF/SF receptor) (Proto-oncogene c-Met) (Scatter factor receptor) (SF receptor) (Tyrosine-protein kinase Met); Rho family-interacting cell polarization regulator 1"
"49","GO:0043518",0.0253534692711542,0.999143879844744,2,3,"negative regulation of DNA damage response, signal transduction by p53 class mediator","BP","P","stress response","PGEN_.00g052930; PGEN_.00g048200","O60341; Q96EB6","KDM1A_HUMAN; SIR1_HUMAN","Lysine-specific histone demethylase 1A (EC 1.-.-.-) (BRAF35-HDAC complex protein BHC110) (Flavin-containing amine oxidase domain-containing protein 2); NAD-dependent protein deacetylase sirtuin-1 (hSIRT1) (EC 2.3.1.286) (NAD-dependent protein deacylase sirtuin-1) (EC 2.3.1.-) (Regulatory protein SIR2 homolog 1) (SIR2-like protein 1) (hSIR2) [Cleaved into: SirtT1 75 kDa fragment (75SirT1)]"
"50","GO:0015813",0.00354174431826176,0.999905944463584,3,4,"L-glutamate transmembrane transport","BP","P","transport","PGEN_.00g104460; PGEN_.00g192440; PGEN_.00g006410","Q9UJS0; P31596; P43005","CMC2_HUMAN; EAA2_RAT; EAA3_HUMAN","Calcium-binding mitochondrial carrier protein Aralar2 (Citrin) (Mitochondrial aspartate glutamate carrier 2) (Solute carrier family 25 member 13); Excitatory amino acid transporter 2 (GLT-1) (Sodium-dependent glutamate/aspartate transporter 2) (GLUT-R) (Solute carrier family 1 member 2); Excitatory amino acid transporter 3 (Excitatory amino-acid carrier 1) (Neuronal and epithelial glutamate transporter) (Sodium-dependent glutamate/aspartate transporter 3) (Solute carrier family 1 member 1)"
"51","GO:0046879",0.0253275582645489,0.999145237833493,2,3,"hormone secretion","BP","P","transport","PGEN_.00g229320; PGEN_.00g229340","P98158; P98158","LRP2_RAT; LRP2_RAT","Low-density lipoprotein receptor-related protein 2 (LRP-2) (Glycoprotein 330) (gp330) (Megalin); Low-density lipoprotein receptor-related protein 2 (LRP-2) (Glycoprotein 330) (gp330) (Megalin)"
"52","GO:0006907",0.0299193262724863,0.998892433428643,2,3,"pinocytosis","BP","P","transport","PGEN_.00g085250; PGEN_.00g166830","Q3ZBM5; Q54F25","SNX5_BOVIN; CLN3_DICDI","Sorting nexin-5; Battenin (Protein CLN3 homolog)"
"53","GO:0070779",0.0459434894576832,0.996983384960745,2,4,"D-aspartate import across plasma membrane","BP","P","transport","PGEN_.00g192440; PGEN_.00g006410","P31596; P43005","EAA2_RAT; EAA3_HUMAN","Excitatory amino acid transporter 2 (GLT-1) (Sodium-dependent glutamate/aspartate transporter 2) (GLUT-R) (Solute carrier family 1 member 2); Excitatory amino acid transporter 3 (Excitatory amino-acid carrier 1) (Neuronal and epithelial glutamate transporter) (Sodium-dependent glutamate/aspartate transporter 3) (Solute carrier family 1 member 1)"
"54","GO:0006836",0.048656013039486,0.992619914391234,3,9,"neurotransmitter transport","BP","P","transport","PGEN_.00g332320; PGEN_.00g015190; PGEN_.00g192440","Q05084; Q6INC8; P31596","ICA69_HUMAN; VGLU1_XENLA; EAA2_RAT","Islet cell autoantigen 1 (69 kDa islet cell autoantigen) (ICA69) (Islet cell autoantigen p69) (ICAp69) (p69); Vesicular glutamate transporter 1 (VGluT1) (Solute carrier family 17 member 7); Excitatory amino acid transporter 2 (GLT-1) (Sodium-dependent glutamate/aspartate transporter 2) (GLUT-R) (Solute carrier family 1 member 2)"
"55","GO:0062028",0.0119946482813044,1,2,2,"regulation of stress granule assembly","BP",NA,NA,"PGEN_.00g004830; PGEN_.00g004840","Q8BRK8; P54646","AAPK2_MOUSE; AAPK2_HUMAN","5'-AMP-activated protein kinase catalytic subunit alpha-2 (AMPK subunit alpha-2) (EC 2.7.11.1) (Acetyl-CoA carboxylase kinase) (ACACA kinase) (EC 2.7.11.27) (Hydroxymethylglutaryl-CoA reductase kinase) (HMGCR kinase) (EC 2.7.11.31); 5'-AMP-activated protein kinase catalytic subunit alpha-2 (AMPK subunit alpha-2) (EC 2.7.11.1) (Acetyl-CoA carboxylase kinase) (ACACA kinase) (EC 2.7.11.27) (Hydroxymethylglutaryl-CoA reductase kinase) (HMGCR kinase) (EC 2.7.11.31)"
"56","GO:1904428",0.0119946482813044,1,2,2,"negative regulation of tubulin deacetylation","BP",NA,NA,"PGEN_.00g004830; PGEN_.00g004840","Q8BRK8; P54646","AAPK2_MOUSE; AAPK2_HUMAN","5'-AMP-activated protein kinase catalytic subunit alpha-2 (AMPK subunit alpha-2) (EC 2.7.11.1) (Acetyl-CoA carboxylase kinase) (ACACA kinase) (EC 2.7.11.27) (Hydroxymethylglutaryl-CoA reductase kinase) (HMGCR kinase) (EC 2.7.11.31); 5'-AMP-activated protein kinase catalytic subunit alpha-2 (AMPK subunit alpha-2) (EC 2.7.11.1) (Acetyl-CoA carboxylase kinase) (ACACA kinase) (EC 2.7.11.27) (Hydroxymethylglutaryl-CoA reductase kinase) (HMGCR kinase) (EC 2.7.11.31)"
"57","GO:0140077",0.0253275582645489,0.999145237833493,2,3,"positive regulation of lipoprotein transport","BP",NA,NA,"PGEN_.00g229320; PGEN_.00g229340","P98158; P98158","LRP2_RAT; LRP2_RAT","Low-density lipoprotein receptor-related protein 2 (LRP-2) (Glycoprotein 330) (gp330) (Megalin); Low-density lipoprotein receptor-related protein 2 (LRP-2) (Glycoprotein 330) (gp330) (Megalin)"
"58","GO:0140058",0.0353658345926556,0.995478453854976,3,8,"neuron projection arborization","BP",NA,NA,"PGEN_.00g299380; PGEN_.00g229320; PGEN_.00g229340","C0HL13; P98158; P98158","LRP2_PIG; LRP2_RAT; LRP2_RAT","Low-density lipoprotein receptor-related protein 2 (LRP-2) (Glycoprotein 330) (gp330) (Megalin); Low-density lipoprotein receptor-related protein 2 (LRP-2) (Glycoprotein 330) (gp330) (Megalin); Low-density lipoprotein receptor-related protein 2 (LRP-2) (Glycoprotein 330) (gp330) (Megalin)"
"59","GO:1904743",0.0408159764172548,0.997492811695206,2,4,"negative regulation of telomeric DNA binding","BP",NA,NA,"PGEN_.00g316730; PGEN_.00g212560","O95271; Q6PFX9","TNKS1_HUMAN; TNKS1_MOUSE","Poly [ADP-ribose] polymerase tankyrase-1 (EC 2.4.2.30) (ADP-ribosyltransferase diphtheria toxin-like 5) (ARTD5) (Poly [ADP-ribose] polymerase 5A) (Protein poly-ADP-ribosyltransferase tankyrase-1) (EC 2.4.2.-) (TNKS-1) (TRF1-interacting ankyrin-related ADP-ribose polymerase) (Tankyrase I) (Tankyrase-1) (TANK1); Poly [ADP-ribose] polymerase tankyrase-1 (EC 2.4.2.30) (ADP-ribosyltransferase diphtheria toxin-like 5) (ARTD5) (Protein poly-ADP-ribosyltransferase tankyrase-1) (EC 2.4.2.-) (TRF1-interacting ankyrin-related ADP-ribose polymerase 1) (Tankyrase I) (Tankyrase-1) (TANK1)"
"60","GO:0061642",0.0415296138973979,0.994334089591133,3,8,"chemoattraction of axon","BP",NA,NA,"PGEN_.00g023480; PGEN_.00g229320; PGEN_.00g229340","Q91ZX7; P98158; P98158","LRP1_MOUSE; LRP2_RAT; LRP2_RAT","Prolow-density lipoprotein receptor-related protein 1 (LRP-1) (Alpha-2-macroglobulin receptor) (A2MR) (CD antigen CD91) [Cleaved into: Low-density lipoprotein receptor-related protein 1 85 kDa subunit (LRP-85); Low-density lipoprotein receptor-related protein 1 515 kDa subunit (LRP-515); Low-density lipoprotein receptor-related protein 1 intracellular domain (LRPICD)]; Low-density lipoprotein receptor-related protein 2 (LRP-2) (Glycoprotein 330) (gp330) (Megalin); Low-density lipoprotein receptor-related protein 2 (LRP-2) (Glycoprotein 330) (gp330) (Megalin)"
"61","GO:0005947",0.0285195541270651,0.998972054164399,2,3,"mitochondrial alpha-ketoglutarate dehydrogenase complex","CC","C","mitochondrion","PGEN_.00g130200; PGEN_.00g019720","O55028; P12694","BCKD_MOUSE; ODBA_HUMAN","[3-methyl-2-oxobutanoate dehydrogenase [lipoamide]] kinase, mitochondrial (EC 2.7.11.4) (Branched-chain alpha-ketoacid dehydrogenase kinase) (BCKD-kinase) (BCKDHKIN); 2-oxoisovalerate dehydrogenase subunit alpha, mitochondrial (EC 1.2.4.4) (Branched-chain alpha-keto acid dehydrogenase E1 component alpha chain) (BCKDE1A) (BCKDH E1-alpha)"
"62","GO:0016607",0.0338067887610077,0.981152618283223,21,148,"nuclear speck","CC","C","nucleus","PGEN_.00g261080; PGEN_.00g036880; PGEN_.00g054210; PGEN_.00g111610; PGEN_.00g024380; PGEN_.00g013150; PGEN_.00g150430; PGEN_.00g009290; PGEN_.00g172450; PGEN_.00g036870; PGEN_.00g322160; PGEN_.00g004830; PGEN_.00g331860; PGEN_.00g070630; PGEN_.00g279860; PGEN_.00g063780; PGEN_.00g264510; PGEN_.00g047870; PGEN_.00g018000; PGEN_.00g004840; PGEN_.00g167600","O75400; Q68CJ6; Q4TVV3; Q91WR3; P49750; Q9BQ04; Q96L91; Q8CG46; Q7ZVA0; Q8CF89; O43447; Q8BRK8; Q5ZKA3; Q2TBS9; O70422; Q2KJC1; P83038; Q501J6; B2RY56; P54646; Q3T106","PR40A_HUMAN; SLIP_HUMAN; DDX46_DANRE; ASCC2_MOUSE; YLPM1_HUMAN; RBM4B_HUMAN; EP400_HUMAN; SMC5_MOUSE; SMU1_DANRE; TAB1_MOUSE; PPIH_HUMAN; AAPK2_MOUSE; CWC22_CHICK; SMU1_BOVIN; TF2H4_MOUSE; CDC5L_BOVIN; HDAC4_CHICK; DDX17_MOUSE; RBM25_MOUSE; AAPK2_HUMAN; SRSF7_BOVIN","Pre-mRNA-processing factor 40 homolog A (Fas ligand-associated factor 1) (Formin-binding protein 11) (Formin-binding protein 3) (Huntingtin yeast partner A) (Huntingtin-interacting protein 10) (HIP-10) (Huntingtin-interacting protein A) (Renal carcinoma antigen NY-REN-6); Nuclear GTPase SLIP-GC (EC 3.6.1.-) (Speckled-like pattern in the germinal center); Probable ATP-dependent RNA helicase DDX46 (EC 3.6.4.13) (DEAD box protein 46); Activating signal cointegrator 1 complex subunit 2 (ASC-1 complex subunit p100) (Trip4 complex subunit p100); YLP motif-containing protein 1 (Nuclear protein ZAP3) (ZAP113); RNA-binding protein 4B (RNA-binding motif protein 30) (RNA-binding motif protein 4B) (RNA-binding protein 30); E1A-binding protein p400 (EC 3.6.4.-) (CAG repeat protein 32) (Domino homolog) (hDomino) (Trinucleotide repeat-containing gene 12 protein) (p400 kDa SWI2/SNF2-related protein); Structural maintenance of chromosomes protein 5 (SMC protein 5) (SMC-5) (mSMC5) (Protein expressed in male leptotene and zygotene spermatocytes 453) (MLZ-453); WD40 repeat-containing protein SMU1 (Smu-1 suppressor of mec-8 and unc-52 protein homolog); TGF-beta-activated kinase 1 and MAP3K7-binding protein 1 (Mitogen-activated protein kinase kinase kinase 7-interacting protein 1) (TGF-beta-activated kinase 1-binding protein 1) (TAK1-binding protein 1); Peptidyl-prolyl cis-trans isomerase H (PPIase H) (EC 5.2.1.8) (Rotamase H) (Small nuclear ribonucleoprotein particle-specific cyclophilin H) (CypH) (U-snRNP-associated cyclophilin SnuCyp-20) (USA-CYP); 5'-AMP-activated protein kinase catalytic subunit alpha-2 (AMPK subunit alpha-2) (EC 2.7.11.1) (Acetyl-CoA carboxylase kinase) (ACACA kinase) (EC 2.7.11.27) (Hydroxymethylglutaryl-CoA reductase kinase) (HMGCR kinase) (EC 2.7.11.31); Pre-mRNA-splicing factor CWC22 homolog (Nucampholin homolog); WD40 repeat-containing protein SMU1 (Smu-1 suppressor of mec-8 and unc-52 protein homolog) [Cleaved into: WD40 repeat-containing protein SMU1, N-terminally processed]; General transcription factor IIH subunit 4 (Basic transcription factor 2 52 kDa subunit) (BTF2 p52) (General transcription factor IIH polypeptide 4) (TFIIH basal transcription factor complex p52 subunit); Cell division cycle 5-like protein (Cdc5-like protein); Histone deacetylase 4 (HD4) (EC 3.5.1.98); Probable ATP-dependent RNA helicase DDX17 (EC 3.6.4.13) (DEAD box protein 17); RNA-binding protein 25 (RNA-binding motif protein 25); 5'-AMP-activated protein kinase catalytic subunit alpha-2 (AMPK subunit alpha-2) (EC 2.7.11.1) (Acetyl-CoA carboxylase kinase) (ACACA kinase) (EC 2.7.11.27) (Hydroxymethylglutaryl-CoA reductase kinase) (HMGCR kinase) (EC 2.7.11.31); Serine/arginine-rich splicing factor 7 (Splicing factor, arginine/serine-rich 7)"
"63","GO:0019005",0.0373128126727108,0.988934314974317,6,29,"SCF ubiquitin ligase complex","CC","C","other cellular component","PGEN_.00g113990; PGEN_.00g136060; PGEN_.00g030400; PGEN_.00g164170; PGEN_.00g111150; PGEN_.00g273980","A1Z6E0; Q9C5D2; Q9VZF4; Q5ZKF5; Q9UJT9; Q0VD31","GUS_DROME; FBL4_ARATH; FBXW7_DROME; SKP1_CHICK; FBXL7_HUMAN; FBXL4_BOVIN","Protein gustavus; F-box/LRR-repeat protein 4 (AtFBL4); F-box/WD repeat-containing protein 7 (F-box and WD-40 domain-containing protein 7) (Protein archipelago); S-phase kinase-associated protein 1 (Cyclin-A/CDK2-associated protein p19) (S-phase kinase-associated protein 1A) (p19A) (p19skp1); F-box/LRR-repeat protein 7 (F-box and leucine-rich repeat protein 7) (F-box protein FBL6/FBL7); F-box/LRR-repeat protein 4 (F-box and leucine-rich repeat protein 4)"
"64","GO:0033263",0.0288547115926171,0.998953191095634,2,3,"CORVET complex","CC","C","other cytoplasmic organelle","PGEN_.00g332750; PGEN_.00g199100","Q0P5W1; Q91W86","VPS8_MOUSE; VPS11_MOUSE","Vacuolar protein sorting-associated protein 8 homolog; Vacuolar protein sorting-associated protein 11 homolog"
"65","GO:0031313",0.0448944609442865,0.997090474643412,2,4,"extrinsic component of endosome membrane","CC","C","other cytoplasmic organelle","PGEN_.00g243570; PGEN_.00g085250","Q5ZLL7; Q3ZBM5","WDR91_CHICK; SNX5_BOVIN","WD repeat-containing protein 91; Sorting nexin-5"
"66","GO:0030117",0.0330766898000167,0.998704856793712,2,3,"membrane coat","CC","C","other membranes","PGEN_.00g279500; PGEN_.00g162260","Q08DF4; P17427","DYN1_BOVIN; AP2A2_MOUSE","Dynamin-1 (EC 3.6.5.5); AP-2 complex subunit alpha-2 (100 kDa coated vesicle protein C) (Adaptor protein complex AP-2 subunit alpha-2) (Adaptor-related protein complex 2 subunit alpha-2) (Alpha-adaptin C) (Alpha2-adaptin) (Clathrin assembly protein complex 2 alpha-C large chain) (Plasma membrane adaptor HA2/AP2 adaptin alpha C subunit)"
"67","GO:1990718",0.0117983335029213,1,2,2,"axonemal central pair projection","CC",NA,NA,"PGEN_.00g190220; PGEN_.00g190230","Q4G0P3; Q80W93","HYDIN_HUMAN; HYDIN_MOUSE","Hydrocephalus-inducing protein homolog; Hydrocephalus-inducing protein (Protein Hy-3)"
"68","GO:0005092",0.0234947685963517,0.999239261416507,2,3,"GDP-dissociation inhibitor activity","MF","F","enzyme regulator activity","PGEN_.00g279210; PGEN_.00g180390","P81274; Q9QXG2","GPSM2_HUMAN; RAE1_MOUSE","G-protein-signaling modulator 2 (Mosaic protein LGN); Rab proteins geranylgeranyltransferase component A 1 (Choroideremia protein homolog) (Rab escort protein 1) (REP-1)"
"69","GO:0030020",0.0179152228913198,0.998349828324448,3,7,"extracellular matrix structural constituent conferring tensile strength","MF","F","extracellular structural activity","PGEN_.00g188760; PGEN_.00g303970; PGEN_.00g260940","A8TX70; Q99715; Q7SIB2","CO6A5_HUMAN; COCA1_HUMAN; CO4A1_BOVIN","Collagen alpha-5(VI) chain (Collagen alpha-1(XXIX) chain) (von Willebrand factor A domain-containing protein 4); Collagen alpha-1(XII) chain; Collagen alpha-1(IV) chain [Cleaved into: Arresten]"
"70","GO:0035174",0.0301185989020484,0.998880919853383,2,3,"histone serine kinase activity","MF","F","kinase activity","PGEN_.00g004830; PGEN_.00g004840","Q8BRK8; P54646","AAPK2_MOUSE; AAPK2_HUMAN","5'-AMP-activated protein kinase catalytic subunit alpha-2 (AMPK subunit alpha-2) (EC 2.7.11.1) (Acetyl-CoA carboxylase kinase) (ACACA kinase) (EC 2.7.11.27) (Hydroxymethylglutaryl-CoA reductase kinase) (HMGCR kinase) (EC 2.7.11.31); 5'-AMP-activated protein kinase catalytic subunit alpha-2 (AMPK subunit alpha-2) (EC 2.7.11.1) (Acetyl-CoA carboxylase kinase) (ACACA kinase) (EC 2.7.11.27) (Hydroxymethylglutaryl-CoA reductase kinase) (HMGCR kinase) (EC 2.7.11.31)"
"71","GO:0047322",0.0301185989020484,0.998880919853383,2,3,"[hydroxymethylglutaryl-CoA reductase (NADPH)] kinase activity","MF","F","kinase activity","PGEN_.00g004830; PGEN_.00g004840","Q8BRK8; P54646","AAPK2_MOUSE; AAPK2_HUMAN","5'-AMP-activated protein kinase catalytic subunit alpha-2 (AMPK subunit alpha-2) (EC 2.7.11.1) (Acetyl-CoA carboxylase kinase) (ACACA kinase) (EC 2.7.11.27) (Hydroxymethylglutaryl-CoA reductase kinase) (HMGCR kinase) (EC 2.7.11.31); 5'-AMP-activated protein kinase catalytic subunit alpha-2 (AMPK subunit alpha-2) (EC 2.7.11.1) (Acetyl-CoA carboxylase kinase) (ACACA kinase) (EC 2.7.11.27) (Hydroxymethylglutaryl-CoA reductase kinase) (HMGCR kinase) (EC 2.7.11.31)"
"72","GO:0050405",0.0301185989020484,0.998880919853383,2,3,"[acetyl-CoA carboxylase] kinase activity","MF","F","kinase activity","PGEN_.00g004830; PGEN_.00g004840","Q8BRK8; P54646","AAPK2_MOUSE; AAPK2_HUMAN","5'-AMP-activated protein kinase catalytic subunit alpha-2 (AMPK subunit alpha-2) (EC 2.7.11.1) (Acetyl-CoA carboxylase kinase) (ACACA kinase) (EC 2.7.11.27) (Hydroxymethylglutaryl-CoA reductase kinase) (HMGCR kinase) (EC 2.7.11.31); 5'-AMP-activated protein kinase catalytic subunit alpha-2 (AMPK subunit alpha-2) (EC 2.7.11.1) (Acetyl-CoA carboxylase kinase) (ACACA kinase) (EC 2.7.11.27) (Hydroxymethylglutaryl-CoA reductase kinase) (HMGCR kinase) (EC 2.7.11.31)"
"73","GO:0003918",0.00873979953540208,1,2,2,"DNA topoisomerase type II (double strand cut, ATP-hydrolyzing) activity","MF","F","nucleic acid binding activity","PGEN_.00g333150; PGEN_.00g001210","Q01320; Q9WTK8","TOP2A_MOUSE; SPO11_MOUSE","DNA topoisomerase 2-alpha (EC 5.6.2.2) (DNA topoisomerase II, alpha isozyme); Meiotic recombination protein SPO11 (EC 5.6.2.2)"
"74","GO:0050694",0.00621395999824772,0.999360961003548,4,10,"galactose 3-O-sulfotransferase activity","MF","F","other molecular function","PGEN_.00g129780; PGEN_.00g135120; PGEN_.00g134400; PGEN_.00g237520","P61315; P61315; P61315; P61315","G3ST3_MOUSE; G3ST3_MOUSE; G3ST3_MOUSE; G3ST3_MOUSE","Galactose-3-O-sulfotransferase 3 (Gal3ST-3) (EC 2.8.2.-) (Beta-galactose-3-O-sulfotransferase 3) (Gal-beta-1, 3-GalNAc 3'-sulfotransferase 3); Galactose-3-O-sulfotransferase 3 (Gal3ST-3) (EC 2.8.2.-) (Beta-galactose-3-O-sulfotransferase 3) (Gal-beta-1, 3-GalNAc 3'-sulfotransferase 3); Galactose-3-O-sulfotransferase 3 (Gal3ST-3) (EC 2.8.2.-) (Beta-galactose-3-O-sulfotransferase 3) (Gal-beta-1, 3-GalNAc 3'-sulfotransferase 3); Galactose-3-O-sulfotransferase 3 (Gal3ST-3) (EC 2.8.2.-) (Beta-galactose-3-O-sulfotransferase 3) (Gal-beta-1, 3-GalNAc 3'-sulfotransferase 3)"
"75","GO:0019904",0.00900587092197258,0.996275677619482,15,83,"protein domain specific binding","MF","F","other molecular function","PGEN_.00g204470; PGEN_.00g279210; PGEN_.00g332320; PGEN_.00g303120; PGEN_.00g199580; PGEN_.00g162260; PGEN_.00g123580; PGEN_.00g254610; PGEN_.00g185910; PGEN_.00g164170; PGEN_.00g047370; PGEN_.00g199100; PGEN_.00g167600; PGEN_.00g291150; PGEN_.00g102410","P41221; P81274; Q05084; P35601; P46935; P17427; Q9QZS7; Q925H1; Q9UN37; Q5ZKF5; Q01177; Q91W86; Q3T106; P67868; P53367","WNT5A_HUMAN; GPSM2_HUMAN; ICA69_HUMAN; RFC1_MOUSE; NEDD4_MOUSE; AP2A2_MOUSE; NPHN_MOUSE; TRPS1_MOUSE; VPS4A_HUMAN; SKP1_CHICK; PLMN_RAT; VPS11_MOUSE; SRSF7_BOVIN; CSK2B_BOVIN; ARFP1_HUMAN","Protein Wnt-5a; G-protein-signaling modulator 2 (Mosaic protein LGN); Islet cell autoantigen 1 (69 kDa islet cell autoantigen) (ICA69) (Islet cell autoantigen p69) (ICAp69) (p69); Replication factor C subunit 1 (A1-P145) (Activator 1 140 kDa subunit) (A1 140 kDa subunit) (Activator 1 large subunit) (Activator 1 subunit 1) (Differentiation-specific element-binding protein) (ISRE-binding protein) (Replication factor C 140 kDa subunit) (RF-C 140 kDa subunit) (RFC140) (Replication factor C large subunit); E3 ubiquitin-protein ligase NEDD4 (EC 2.3.2.26) (HECT-type E3 ubiquitin transferase NEDD4) (Neural precursor cell expressed developmentally down-regulated protein 4) (NEDD-4); AP-2 complex subunit alpha-2 (100 kDa coated vesicle protein C) (Adaptor protein complex AP-2 subunit alpha-2) (Adaptor-related protein complex 2 subunit alpha-2) (Alpha-adaptin C) (Alpha2-adaptin) (Clathrin assembly protein complex 2 alpha-C large chain) (Plasma membrane adaptor HA2/AP2 adaptin alpha C subunit); Nephrin (Renal glomerulus-specific cell adhesion receptor); Zinc finger transcription factor Trps1; Vacuolar protein sorting-associated protein 4A (EC 3.6.4.6) (Protein SKD2) (VPS4-1) (hVPS4); S-phase kinase-associated protein 1 (Cyclin-A/CDK2-associated protein p19) (S-phase kinase-associated protein 1A) (p19A) (p19skp1); Plasminogen (EC 3.4.21.7) [Cleaved into: Plasmin heavy chain A; Activation peptide; Angiostatin; Plasmin heavy chain A, short form; Plasmin light chain B]; Vacuolar protein sorting-associated protein 11 homolog; Serine/arginine-rich splicing factor 7 (Splicing factor, arginine/serine-rich 7); Casein kinase II subunit beta (CK II beta) (Phosvitin); Arfaptin-1 (ADP-ribosylation factor-interacting protein 1)"
"76","GO:0070064",0.00972076371977897,0.998858641466567,4,10,"proline-rich region binding","MF","F","other molecular function","PGEN_.00g261080; PGEN_.00g100690; PGEN_.00g199580; PGEN_.00g255960","O75400; Q5HYK7; P46935; Q8CGF7","PR40A_HUMAN; SH319_HUMAN; NEDD4_MOUSE; TCRG1_MOUSE","Pre-mRNA-processing factor 40 homolog A (Fas ligand-associated factor 1) (Formin-binding protein 11) (Formin-binding protein 3) (Huntingtin yeast partner A) (Huntingtin-interacting protein 10) (HIP-10) (Huntingtin-interacting protein A) (Renal carcinoma antigen NY-REN-6); SH3 domain-containing protein 19 (ADAM-binding protein Eve-1) (EEN-binding protein) (EBP); E3 ubiquitin-protein ligase NEDD4 (EC 2.3.2.26) (HECT-type E3 ubiquitin transferase NEDD4) (Neural precursor cell expressed developmentally down-regulated protein 4) (NEDD-4); Transcription elongation regulator 1 (Formin-binding protein 28) (FBP 28) (TATA box-binding protein-associated factor 2S) (Transcription factor CA150) (p144)"
"77","GO:0004029",0.0122901592731908,0.999108084924189,3,6,"aldehyde dehydrogenase (NAD+) activity","MF","F","other molecular function","PGEN_.00g202150; PGEN_.00g264440; PGEN_.00g240840","P81178; Q9JLJ2; P11884","ALDH2_MESAU; AL9A1_MOUSE; ALDH2_RAT","Aldehyde dehydrogenase, mitochondrial (EC 1.2.1.3) (ALDH class 2) (ALDH-E2) (ALDH1); 4-trimethylaminobutyraldehyde dehydrogenase (TMABA-DH) (TMABADH) (EC 1.2.1.47) (Aldehyde dehydrogenase family 9 member A1) (EC 1.2.1.3); Aldehyde dehydrogenase, mitochondrial (EC 1.2.1.3) (ALDH class 2) (ALDH-E2) (ALDH1)"
"78","GO:0001733",0.0178313086979946,0.997254917319969,4,13,"galactosylceramide sulfotransferase activity","MF","F","other molecular function","PGEN_.00g129780; PGEN_.00g135120; PGEN_.00g134400; PGEN_.00g237520","P61315; P61315; P61315; P61315","G3ST3_MOUSE; G3ST3_MOUSE; G3ST3_MOUSE; G3ST3_MOUSE","Galactose-3-O-sulfotransferase 3 (Gal3ST-3) (EC 2.8.2.-) (Beta-galactose-3-O-sulfotransferase 3) (Gal-beta-1, 3-GalNAc 3'-sulfotransferase 3); Galactose-3-O-sulfotransferase 3 (Gal3ST-3) (EC 2.8.2.-) (Beta-galactose-3-O-sulfotransferase 3) (Gal-beta-1, 3-GalNAc 3'-sulfotransferase 3); Galactose-3-O-sulfotransferase 3 (Gal3ST-3) (EC 2.8.2.-) (Beta-galactose-3-O-sulfotransferase 3) (Gal-beta-1, 3-GalNAc 3'-sulfotransferase 3); Galactose-3-O-sulfotransferase 3 (Gal3ST-3) (EC 2.8.2.-) (Beta-galactose-3-O-sulfotransferase 3) (Gal-beta-1, 3-GalNAc 3'-sulfotransferase 3)"
"79","GO:0043878",0.0204452120197109,0.998017748503805,3,7,"glyceraldehyde-3-phosphate dehydrogenase (NAD+) (non-phosphorylating) activity","MF","F","other molecular function","PGEN_.00g202150; PGEN_.00g264440; PGEN_.00g240840","P81178; Q9JLJ2; P11884","ALDH2_MESAU; AL9A1_MOUSE; ALDH2_RAT","Aldehyde dehydrogenase, mitochondrial (EC 1.2.1.3) (ALDH class 2) (ALDH-E2) (ALDH1); 4-trimethylaminobutyraldehyde dehydrogenase (TMABA-DH) (TMABADH) (EC 1.2.1.47) (Aldehyde dehydrogenase family 9 member A1) (EC 1.2.1.3); Aldehyde dehydrogenase, mitochondrial (EC 1.2.1.3) (ALDH class 2) (ALDH-E2) (ALDH1)"
"80","GO:0008022",0.0208374426793211,0.991037231165889,13,75,"protein C-terminus binding","MF","F","other molecular function","PGEN_.00g279210; PGEN_.00g198820; PGEN_.00g279500; PGEN_.00g178980; PGEN_.00g333150; PGEN_.00g199580; PGEN_.00g185910; PGEN_.00g048200; PGEN_.00g309470; PGEN_.00g008040; PGEN_.00g143200; PGEN_.00g002750; PGEN_.00g334530","P81274; Q8K4Q6; Q08DF4; P22892; Q01320; P46935; Q9UN37; Q96EB6; Q9UKV8; Q6KCD5; Q61097; P49454; Q5GIG6","GPSM2_HUMAN; NEIL1_MOUSE; DYN1_BOVIN; AP1G1_MOUSE; TOP2A_MOUSE; NEDD4_MOUSE; VPS4A_HUMAN; SIR1_HUMAN; AGO2_HUMAN; NIPBL_MOUSE; KSR1_MOUSE; CENPF_HUMAN; TNI3K_MOUSE","G-protein-signaling modulator 2 (Mosaic protein LGN); Endonuclease 8-like 1 (EC 3.2.2.-) (EC 4.2.99.18) (DNA glycosylase/AP lyase Neil1) (DNA-(apurinic or apyrimidinic site) lyase Neil1) (Endonuclease VIII-like 1) (Nei homolog 1) (NEH1) (Nei-like protein 1); Dynamin-1 (EC 3.6.5.5); AP-1 complex subunit gamma-1 (Adaptor protein complex AP-1 subunit gamma-1) (Adaptor-related protein complex 1 subunit gamma-1) (Clathrin assembly protein complex 1 gamma-1 large chain) (Gamma-adaptin) (Gamma1-adaptin) (Golgi adaptor HA1/AP1 adaptin subunit gamma-1); DNA topoisomerase 2-alpha (EC 5.6.2.2) (DNA topoisomerase II, alpha isozyme); E3 ubiquitin-protein ligase NEDD4 (EC 2.3.2.26) (HECT-type E3 ubiquitin transferase NEDD4) (Neural precursor cell expressed developmentally down-regulated protein 4) (NEDD-4); Vacuolar protein sorting-associated protein 4A (EC 3.6.4.6) (Protein SKD2) (VPS4-1) (hVPS4); NAD-dependent protein deacetylase sirtuin-1 (hSIRT1) (EC 2.3.1.286) (NAD-dependent protein deacylase sirtuin-1) (EC 2.3.1.-) (Regulatory protein SIR2 homolog 1) (SIR2-like protein 1) (hSIR2) [Cleaved into: SirtT1 75 kDa fragment (75SirT1)]; Protein argonaute-2 (Argonaute2) (hAgo2) (EC 3.1.26.n2) (Argonaute RISC catalytic component 2) (Eukaryotic translation initiation factor 2C 2) (eIF-2C 2) (eIF2C 2) (PAZ Piwi domain protein) (PPD) (Protein slicer); Nipped-B-like protein (Delangin homolog) (SCC2 homolog); Kinase suppressor of Ras 1 (mKSR1) (EC 2.7.11.1) (Protein Hb); Centromere protein F (CENP-F) (AH antigen) (Kinetochore protein CENPF) (Mitosin); Serine/threonine-protein kinase TNNI3K (EC 2.7.11.1) (Cardiac ankyrin repeat kinase) (TNNI3-interacting kinase)"
"81","GO:0047134",0.0239386745451978,0.999216859050137,2,3,"protein-disulfide reductase (NAD(P)) activity","MF","F","other molecular function","PGEN_.00g043790; PGEN_.00g133410","P97346; Q503L9","NXN_MOUSE; NXN_DANRE","Nucleoredoxin (EC 1.8.1.8) (Protein Red-1); Nucleoredoxin (EC 1.8.1.8)"
"82","GO:0008934",0.0259347833344751,0.999113205160895,2,3,"inositol monophosphate 1-phosphatase activity","MF","F","other molecular function","PGEN_.00g179900; PGEN_.00g255880","Q5R4X0; Q9Y2H2","IMPA1_PONAB; SAC2_HUMAN","Inositol monophosphatase 1 (IMP 1) (IMPase 1) (EC 3.1.3.25) (D-galactose 1-phosphate phosphatase) (EC 3.1.3.94) (Inositol-1(or 4)-monophosphatase 1) (Lithium-sensitive myo-inositol monophosphatase A1); Phosphatidylinositide phosphatase SAC2 (EC 3.1.3.25) (Inositol polyphosphate 5-phosphatase F) (Sac domain-containing inositol phosphatase 2) (Sac domain-containing phosphoinositide 4-phosphatase 2) (hSAC2)"
"83","GO:0052832",0.0259347833344751,0.999113205160895,2,3,"inositol monophosphate 3-phosphatase activity","MF","F","other molecular function","PGEN_.00g179900; PGEN_.00g255880","Q5R4X0; Q9Y2H2","IMPA1_PONAB; SAC2_HUMAN","Inositol monophosphatase 1 (IMP 1) (IMPase 1) (EC 3.1.3.25) (D-galactose 1-phosphate phosphatase) (EC 3.1.3.94) (Inositol-1(or 4)-monophosphatase 1) (Lithium-sensitive myo-inositol monophosphatase A1); Phosphatidylinositide phosphatase SAC2 (EC 3.1.3.25) (Inositol polyphosphate 5-phosphatase F) (Sac domain-containing inositol phosphatase 2) (Sac domain-containing phosphoinositide 4-phosphatase 2) (hSAC2)"
"84","GO:0052833",0.0259347833344751,0.999113205160895,2,3,"inositol monophosphate 4-phosphatase activity","MF","F","other molecular function","PGEN_.00g179900; PGEN_.00g255880","Q5R4X0; Q9Y2H2","IMPA1_PONAB; SAC2_HUMAN","Inositol monophosphatase 1 (IMP 1) (IMPase 1) (EC 3.1.3.25) (D-galactose 1-phosphate phosphatase) (EC 3.1.3.94) (Inositol-1(or 4)-monophosphatase 1) (Lithium-sensitive myo-inositol monophosphatase A1); Phosphatidylinositide phosphatase SAC2 (EC 3.1.3.25) (Inositol polyphosphate 5-phosphatase F) (Sac domain-containing inositol phosphatase 2) (Sac domain-containing phosphoinositide 4-phosphatase 2) (hSAC2)"
"85","GO:0043426",0.0267742856838814,0.999068207615636,2,3,"MRF binding","MF","F","other molecular function","PGEN_.00g052930; PGEN_.00g083640","O60341; Q13887","KDM1A_HUMAN; KLF5_HUMAN","Lysine-specific histone demethylase 1A (EC 1.-.-.-) (BRAF35-HDAC complex protein BHC110) (Flavin-containing amine oxidase domain-containing protein 2); Krueppel-like factor 5 (Basic transcription element-binding protein 2) (BTE-binding protein 2) (Colon krueppel-like factor) (GC-box-binding protein 2) (Intestinal-enriched krueppel-like factor) (Transcription factor BTEB2)"
"86","GO:0048029",0.0285478422238728,0.9989704669948,2,3,"monosaccharide binding","MF","F","other molecular function","PGEN_.00g058250; PGEN_.00g312400","Q93092; P52034","TALDO_MOUSE; PFKA_DROME","Transaldolase (EC 2.2.1.2); ATP-dependent 6-phosphofructokinase (ATP-PFK) (Phosphofructokinase) (EC 2.7.1.11) (Phosphohexokinase)"
"87","GO:0034185",0.0308594613026166,0.992742851430608,5,19,"apolipoprotein binding","MF","F","other molecular function","PGEN_.00g190430; PGEN_.00g023480; PGEN_.00g010610; PGEN_.00g047370; PGEN_.00g305540","O75096; Q91ZX7; O75581; Q01177; P35953","LRP4_HUMAN; LRP1_MOUSE; LRP6_HUMAN; PLMN_RAT; VLDLR_RABIT","Low-density lipoprotein receptor-related protein 4 (LRP-4) (Multiple epidermal growth factor-like domains 7); Prolow-density lipoprotein receptor-related protein 1 (LRP-1) (Alpha-2-macroglobulin receptor) (A2MR) (CD antigen CD91) [Cleaved into: Low-density lipoprotein receptor-related protein 1 85 kDa subunit (LRP-85); Low-density lipoprotein receptor-related protein 1 515 kDa subunit (LRP-515); Low-density lipoprotein receptor-related protein 1 intracellular domain (LRPICD)]; Low-density lipoprotein receptor-related protein 6 (LRP-6); Plasminogen (EC 3.4.21.7) [Cleaved into: Plasmin heavy chain A; Activation peptide; Angiostatin; Plasmin heavy chain A, short form; Plasmin light chain B]; Very low-density lipoprotein receptor (VLDL receptor) (VLDL-R)"
"88","GO:0008474",0.0346566713447435,0.995417160323321,3,9,"palmitoyl-(protein) hydrolase activity","MF","F","other molecular function","PGEN_.00g277400; PGEN_.00g200910; PGEN_.00g277570","Q6PCJ9; Q5ZJ01; Q6PCJ9","PPT2A_XENLA; AB17B_CHICK; PPT2A_XENLA","Lysosomal thioesterase PPT2-A (PPT-2-A) (EC 3.1.2.-); Alpha/beta hydrolase domain-containing protein 17B (Abhydrolase domain-containing protein 17B) (EC 3.1.2.22); Lysosomal thioesterase PPT2-A (PPT-2-A) (EC 3.1.2.-)"
"89","GO:0016936",0.0356180924473859,0.997972382940749,2,4,"galactoside binding","MF","F","other molecular function","PGEN_.00g079760; PGEN_.00g082240","P23780; P51569","BGAL_MOUSE; AGAL_MOUSE","Beta-galactosidase (EC 3.2.1.23) (Acid beta-galactosidase) (Lactase); Alpha-galactosidase A (EC 3.2.1.22) (Alpha-D-galactosidase A) (Alpha-D-galactoside galactohydrolase) (Melibiase)"
"90","GO:0030548",0.0457190018999056,0.997006424270425,2,4,"acetylcholine receptor regulator activity","MF","F","other molecular function","PGEN_.00g327330; PGEN_.00g253040","P31696; P49354","AGRIN_CHICK; FNTA_HUMAN","Agrin [Cleaved into: Agrin N-terminal 110 kDa subunit; Agrin C-terminal 110 kDa subunit; Agrin C-terminal 90 kDa fragment (C90); Agrin C-terminal 22 kDa fragment (C22)]; Protein farnesyltransferase/geranylgeranyltransferase type-1 subunit alpha (EC 2.5.1.58) (EC 2.5.1.59) (CAAX farnesyltransferase subunit alpha) (FTase-alpha) (Ras proteins prenyltransferase subunit alpha) (Type I protein geranyl-geranyltransferase subunit alpha) (GGTase-I-alpha)"
"91","GO:0004758",0.047855498580864,0.996784467028564,2,4,"serine C-palmitoyltransferase activity","MF","F","other molecular function","PGEN_.00g171780; PGEN_.00g007540","P97363; Q5R9T5","SPTC2_MOUSE; SPTC1_PONAB","Serine palmitoyltransferase 2 (EC 2.3.1.50) (Long chain base biosynthesis protein 2) (LCB 2) (Long chain base biosynthesis protein 2a) (LCB2a) (Serine-palmitoyl-CoA transferase 2) (SPT 2); Serine palmitoyltransferase 1 (EC 2.3.1.50) (Long chain base biosynthesis protein 1) (LCB 1) (Serine-palmitoyl-CoA transferase 1) (SPT 1) (SPT1)"
"92","GO:0004518",0.0499933776045638,0.983855570522234,6,33,"nuclease activity","MF","F","other molecular function","PGEN_.00g312690; PGEN_.00g130160; PGEN_.00g082390; PGEN_.00g061770; PGEN_.00g296380; PGEN_.00g284530","Q6AZB8; Q8BR93; Q8BR93; Q6AZB8; Q6AZB8; Q8R3W5","HARB1_DANRE; HARB1_MOUSE; HARB1_MOUSE; HARB1_DANRE; HARB1_DANRE; SEN15_MOUSE","Putative nuclease HARBI1 (EC 3.1.-.-) (Harbinger transposase-derived nuclease); Putative nuclease HARBI1 (EC 3.1.-.-) (Harbinger transposase-derived nuclease); Putative nuclease HARBI1 (EC 3.1.-.-) (Harbinger transposase-derived nuclease); Putative nuclease HARBI1 (EC 3.1.-.-) (Harbinger transposase-derived nuclease); Putative nuclease HARBI1 (EC 3.1.-.-) (Harbinger transposase-derived nuclease); tRNA-splicing endonuclease subunit Sen15 (tRNA-intron endonuclease Sen15)"
"93","GO:0005154",0.0183156952208672,0.997390488921642,4,10,"epidermal growth factor receptor binding","MF","F","signal transduction activity","PGEN_.00g316700; PGEN_.00g051240; PGEN_.00g344450; PGEN_.00g025600","O15162; Q6YKA8; Q9TTY2; Q3V6T2","PLS1_HUMAN; DRK_DROSI; FER_CANLF; GRDN_HUMAN","Phospholipid scramblase 1 (PL scramblase 1) (Ca(2+)-dependent phospholipid scramblase 1) (Erythrocyte phospholipid scramblase) (MmTRA1b); Protein E(sev)2B (Downstream of receptor kinase) (Protein enhancer of sevenless 2B) (SH2-SH3 adapter protein drk); Tyrosine-protein kinase Fer (EC 2.7.10.2) (Proto-oncogene c-Fer) (p94-Fer); Girdin (Akt phosphorylation enhancer) (APE) (Coiled-coil domain-containing protein 88A) (G alpha-interacting vesicle-associated protein) (GIV) (Girders of actin filament) (Hook-related protein 1) (HkRP1)"
"94","GO:0005313",0.00825430338848484,0.999563081405986,3,5,"L-glutamate transmembrane transporter activity","MF","F","transporter activity","PGEN_.00g104460; PGEN_.00g192440; PGEN_.00g006410","Q9UJS0; P31596; P43005","CMC2_HUMAN; EAA2_RAT; EAA3_HUMAN","Calcium-binding mitochondrial carrier protein Aralar2 (Citrin) (Mitochondrial aspartate glutamate carrier 2) (Solute carrier family 25 member 13); Excitatory amino acid transporter 2 (GLT-1) (Sodium-dependent glutamate/aspartate transporter 2) (GLUT-R) (Solute carrier family 1 member 2); Excitatory amino acid transporter 3 (Excitatory amino-acid carrier 1) (Neuronal and epithelial glutamate transporter) (Sodium-dependent glutamate/aspartate transporter 3) (Solute carrier family 1 member 1)"
"95","GO:0005227",0.0194186942904812,0.999433548467313,2,3,"calcium activated cation channel activity","MF","F","transporter activity","PGEN_.00g252700; PGEN_.00g289750","Q9ESQ5; Q9R186","TRPM4_RAT; TRPV6_RAT","Transient receptor potential cation channel subfamily M member 4 (Calcium-activated non-selective cation channel 1) (Long transient receptor potential channel 4) (LTrpC-4) (LTrpC4) (MLS2s) (Melastatin-like 2); Transient receptor potential cation channel subfamily V member 6 (TrpV6) (Calcium transport protein 1) (CaT1) (Epithelial calcium channel 2) (ECaC2)"
"96","GO:0008273",0.0247132121789042,0.999177202247669,2,3,"calcium, potassium:sodium antiporter activity","MF","F","transporter activity","PGEN_.00g254310; PGEN_.00g019010","Q8C261; Q8CGQ8","NCKX5_MOUSE; NCKX4_MOUSE","Sodium/potassium/calcium exchanger 5 (Na(+)/K(+)/Ca(2+)-exchange protein 5) (Solute carrier family 24 member 5); Sodium/potassium/calcium exchanger 4 (Na(+)/K(+)/Ca(2+)-exchange protein 4) (Solute carrier family 24 member 4)"
"97","GO:0015501",0.0459434894576832,0.996983384960745,2,4,"glutamate:sodium symporter activity","MF","F","transporter activity","PGEN_.00g192440; PGEN_.00g006410","P31596; P43005","EAA2_RAT; EAA3_HUMAN","Excitatory amino acid transporter 2 (GLT-1) (Sodium-dependent glutamate/aspartate transporter 2) (GLUT-R) (Solute carrier family 1 member 2); Excitatory amino acid transporter 3 (Excitatory amino-acid carrier 1) (Neuronal and epithelial glutamate transporter) (Sodium-dependent glutamate/aspartate transporter 3) (Solute carrier family 1 member 1)"
"98","GO:0033613",0.0300709742234998,0.994549067409025,4,13,NA,NA,"F","other molecular function","PGEN_.00g078630; PGEN_.00g345530; PGEN_.00g339370; PGEN_.00g264510","Q61316; Q66T72; Q62432; P83038","HSP74_MOUSE; PSIP1_FELCA; SMAD2_MOUSE; HDAC4_CHICK","Heat shock 70 kDa protein 4 (Heat shock 70-related protein APG-2); PC4 and SFRS1-interacting protein (LEDGF/p75) (Lens epithelium-derived growth factor) (Transcription coactivator p75); Mothers against decapentaplegic homolog 2 (MAD homolog 2) (Mothers against DPP homolog 2) (Mad-related protein 2) (mMad2) (SMAD family member 2) (SMAD 2) (Smad2); Histone deacetylase 4 (HD4) (EC 3.5.1.98)"
"99","GO:0001085",0.0337717853920085,0.993646392349566,4,13,NA,NA,"F","other molecular function","PGEN_.00g052930; PGEN_.00g078630; PGEN_.00g264510; PGEN_.00g321930","O60341; Q61316; P83038; Q62901","KDM1A_HUMAN; HSP74_MOUSE; HDAC4_CHICK; RERE_RAT","Lysine-specific histone demethylase 1A (EC 1.-.-.-) (BRAF35-HDAC complex protein BHC110) (Flavin-containing amine oxidase domain-containing protein 2); Heat shock 70 kDa protein 4 (Heat shock 70-related protein APG-2); Histone deacetylase 4 (HD4) (EC 3.5.1.98); Arginine-glutamic acid dipeptide repeats protein (Atrophin-1-related protein)"
"100","GO:0042534",0.00687512134467202,1,2,2,NA,NA,"P","protein metabolism","PGEN_.00g270570; PGEN_.00g060160","Q9JJZ4; Q9Y385","UB2J1_MOUSE; UB2J1_HUMAN","Ubiquitin-conjugating enzyme E2 J1 (EC 2.3.2.23) (E2 ubiquitin-conjugating enzyme J1) (Non-canonical ubiquitin-conjugating enzyme 1) (NCUBE-1); Ubiquitin-conjugating enzyme E2 J1 (EC 2.3.2.23) (E2 ubiquitin-conjugating enzyme J1) (Non-canonical ubiquitin-conjugating enzyme 1) (NCUBE-1) (Yeast ubiquitin-conjugating enzyme UBC6 homolog E) (HsUBC6e)"
"101","GO:0000185",0.021653322144463,0.998042866895008,3,6,NA,NA,"P","protein metabolism","PGEN_.00g036870; PGEN_.00g033560; PGEN_.00g143200","Q8CF89; Q922B6; Q61097","TAB1_MOUSE; TRAF7_MOUSE; KSR1_MOUSE","TGF-beta-activated kinase 1 and MAP3K7-binding protein 1 (Mitogen-activated protein kinase kinase kinase 7-interacting protein 1) (TGF-beta-activated kinase 1-binding protein 1) (TAK1-binding protein 1); E3 ubiquitin-protein ligase TRAF7 (EC 2.3.2.27) (RING-type E3 ubiquitin transferase TRAF7) (TNF receptor-associated factor 7); Kinase suppressor of Ras 1 (mKSR1) (EC 2.7.11.1) (Protein Hb)"
"102","GO:0035258",0.0253275582645489,0.999145237833493,2,3,NA,NA,"F","signal transduction activity","PGEN_.00g229320; PGEN_.00g229340","P98158; P98158","LRP2_RAT; LRP2_RAT","Low-density lipoprotein receptor-related protein 2 (LRP-2) (Glycoprotein 330) (gp330) (Megalin); Low-density lipoprotein receptor-related protein 2 (LRP-2) (Glycoprotein 330) (gp330) (Megalin)"
