"Table S19. GO enrichment analysis of significant differentially methylated genes across all three timepoints (day 10, day 135, and day 145). Column name numDEInCat is 'number of differentially expressed genes in category; column name numInCat is 'number of genes in category'; column name Cat is 'category'; F = Molecular Function, P = Biological Process; C = Cellular Component",GO.IDs,over_represented_pvalue,under_represented_pvalue,numDEInCat,numInCat,term,ontology,Cat,GO.Slim.Term,gene,uniprot,uniprot_taxa.id,uniprot.name
1,GO:0097325,0.015124701,1,1,1,melanocyte proliferation,BP,P,cell cycle and proliferation,PGEN_.00g204470,P41221,WNT5A_HUMAN,Protein Wnt-5a
2,GO:0048144,0.016195935,1,1,1,fibroblast proliferation,BP,P,cell cycle and proliferation,PGEN_.00g208580,Q3L254,WNT7B_CHICK,Protein Wnt-7b
3,GO:0071425,0.021572342,0.999844804,1,3,hematopoietic stem cell proliferation,BP,P,cell cycle and proliferation,PGEN_.00g204470,P41221,WNT5A_HUMAN,Protein Wnt-5a
4,GO:0045836,0.021862843,0.999880283,1,2,positive regulation of meiotic nuclear division,BP,P,cell cycle and proliferation,PGEN_.00g204470,P41221,WNT5A_HUMAN,Protein Wnt-5a
5,GO:0072201,0.022123199,0.999877399,1,2,negative regulation of mesenchymal cell proliferation,BP,P,cell cycle and proliferation,PGEN_.00g204470,P41221,WNT5A_HUMAN,Protein Wnt-5a
6,GO:0050680,0.027453951,0.997876885,2,25,negative regulation of epithelial cell proliferation,BP,P,cell cycle and proliferation,PGEN_.00g051430; PGEN_.00g204470,Q2HJF4; P41221,PBLD_BOVIN; WNT5A_HUMAN,Phenazine biosynthesis-like domain-containing protein (EC 5.1.-.-); Protein Wnt-5a
7,GO:0060750,0.027957573,0.999803618,1,2,epithelial cell proliferation involved in mammary gland duct elongation,BP,P,cell cycle and proliferation,PGEN_.00g204470,P41221,WNT5A_HUMAN,Protein Wnt-5a
8,GO:0051450,0.032813305,0.999639074,1,3,myoblast proliferation,BP,P,cell cycle and proliferation,PGEN_.00g211830,P16056,MET_MOUSE,Hepatocyte growth factor receptor (HGF receptor) (EC 2.7.10.1) (HGF/SF receptor) (Proto-oncogene c-Met) (Scatter factor receptor) (SF receptor) (Tyrosine-protein kinase Met)
9,GO:0042130,0.041598847,0.999345551,1,4,negative regulation of T cell proliferation,BP,P,cell cycle and proliferation,PGEN_.00g049510,Q8TDM6,DLG5_HUMAN,Disks large homolog 5 (Discs large protein P-dlg) (Placenta and prostate DLG)
10,GO:0033262,0.047578862,0.999141641,1,4,regulation of nuclear cell cycle DNA replication,BP,P,cell cycle and proliferation,PGEN_.00g036880,Q68CJ6,SLIP_HUMAN,Nuclear GTPase SLIP-GC (EC 3.6.1.-) (Speckled-like pattern in the germinal center)
11,GO:0031116,0.008062569,0.999686818,2,15,positive regulation of microtubule polymerization,BP,P,cell organization and biogenesis,PGEN_.00g013900; PGEN_.00g211830,Q80TN7; P16056,NAV3_MOUSE; MET_MOUSE,Neuron navigator 3 (Pore membrane and/or filament-interacting-like protein 1); Hepatocyte growth factor receptor (HGF receptor) (EC 2.7.10.1) (HGF/SF receptor) (Proto-oncogene c-Met) (Scatter factor receptor) (SF receptor) (Tyrosine-protein kinase Met)
12,GO:0001837,0.010232249,0.999544066,2,17,epithelial to mesenchymal transition,BP,P,cell organization and biogenesis,PGEN_.00g049510; PGEN_.00g204470,Q8TDM6; P41221,DLG5_HUMAN; WNT5A_HUMAN,Disks large homolog 5 (Discs large protein P-dlg) (Placenta and prostate DLG); Protein Wnt-5a
13,GO:0061025,0.011048183,0.999969597,1,2,membrane fusion,BP,P,cell organization and biogenesis,PGEN_.00g043300,Q07076,ANXA7_MOUSE,Annexin A7 (Annexin VII) (Annexin-7) (Synexin)
14,GO:0014866,0.01165809,1,1,1,skeletal myofibril assembly,BP,P,cell organization and biogenesis,PGEN_.00g062630,A0JMD4,TPC2_DANRE,Two pore calcium channel protein 2 (Voltage-dependent calcium channel protein TPC2)
15,GO:0060809,0.015124701,1,1,1,mesodermal to mesenchymal transition involved in gastrulation,BP,P,cell organization and biogenesis,PGEN_.00g204470,P41221,WNT5A_HUMAN,Protein Wnt-5a
16,GO:0065003,0.035611332,0.996794379,2,31,protein-containing complex assembly,BP,P,cell organization and biogenesis,PGEN_.00g049510; PGEN_.00g186170,Q8TDM6; P82251,DLG5_HUMAN; BAT1_HUMAN,"Disks large homolog 5 (Discs large protein P-dlg) (Placenta and prostate DLG); b(0,+)-type amino acid transporter 1 (b(0,+)AT1) (Glycoprotein-associated amino acid transporter b0,+AT1) (Solute carrier family 7 member 9)"
17,GO:0035317,0.03705626,0.9995388,1,3,imaginal disc-derived wing hair organization,BP,P,cell organization and biogenesis,PGEN_.00g227520,Q17LW0,MYO7A_AEDAE,Myosin-VIIa (Protein crinkled)
18,GO:0006627,0.039537024,0.999370395,1,5,protein processing involved in protein targeting to mitochondrion,BP,P,cell organization and biogenesis,PGEN_.00g228480,A6H611,MIPEP_MOUSE,Mitochondrial intermediate peptidase (MIP) (EC 3.4.24.59)
19,GO:0045186,0.040281245,0.999386703,1,4,zonula adherens assembly,BP,P,cell organization and biogenesis,PGEN_.00g049510,Q8TDM6,DLG5_HUMAN,Disks large homolog 5 (Discs large protein P-dlg) (Placenta and prostate DLG)
20,GO:0051964,0.04231204,0.999397235,1,3,negative regulation of synapse assembly,BP,P,cell organization and biogenesis,PGEN_.00g204470,P41221,WNT5A_HUMAN,Protein Wnt-5a
21,GO:0031034,0.043828386,0.999352803,1,3,myosin filament assembly,BP,P,cell organization and biogenesis,PGEN_.00g334400,O01761,UNC89_CAEEL,Muscle M-line assembly protein unc-89 (Obscurin) (Uncoordinated protein 89)
22,GO:0008064,0.046563633,0.999124161,1,5,regulation of actin polymerization or depolymerization,BP,P,cell organization and biogenesis,PGEN_.00g279870,P00522,ABL_DROME,Tyrosine-protein kinase Abl (EC 2.7.10.2) (D-ash) (Protein abelson)
23,GO:0086045,0.006673001,1,1,1,membrane depolarization during AV node cell action potential,BP,P,cell-cell signaling,PGEN_.00g252700,Q9ESQ5,TRPM4_RAT,Transient receptor potential cation channel subfamily M member 4 (Calcium-activated non-selective cation channel 1) (Long transient receptor potential channel 4) (LTrpC-4) (LTrpC4) (MLS2s) (Melastatin-like 2)
24,GO:0086047,0.006673001,1,1,1,membrane depolarization during Purkinje myocyte cell action potential,BP,P,cell-cell signaling,PGEN_.00g252700,Q9ESQ5,TRPM4_RAT,Transient receptor potential cation channel subfamily M member 4 (Calcium-activated non-selective cation channel 1) (Long transient receptor potential channel 4) (LTrpC-4) (LTrpC4) (MLS2s) (Melastatin-like 2)
25,GO:0086048,0.006673001,1,1,1,membrane depolarization during bundle of His cell action potential,BP,P,cell-cell signaling,PGEN_.00g252700,Q9ESQ5,TRPM4_RAT,Transient receptor potential cation channel subfamily M member 4 (Calcium-activated non-selective cation channel 1) (Long transient receptor potential channel 4) (LTrpC-4) (LTrpC4) (MLS2s) (Melastatin-like 2)
26,GO:0060638,0.015124701,1,1,1,mesenchymal-epithelial cell signaling,BP,P,cell-cell signaling,PGEN_.00g204470,P41221,WNT5A_HUMAN,Protein Wnt-5a
27,GO:0045886,0.018646581,0.999913059,1,2,negative regulation of synaptic growth at neuromuscular junction,BP,P,cell-cell signaling,PGEN_.00g279870,P00522,ABL_DROME,Tyrosine-protein kinase Abl (EC 2.7.10.2) (D-ash) (Protein abelson)
28,GO:1901299,0.007881992,1,1,1,negative regulation of hydrogen peroxide-mediated programmed cell death,BP,P,death,PGEN_.00g211830,P16056,MET_MOUSE,Hepatocyte growth factor receptor (HGF receptor) (EC 2.7.10.1) (HGF/SF receptor) (Proto-oncogene c-Met) (Scatter factor receptor) (SF receptor) (Tyrosine-protein kinase Met)
29,GO:0070245,0.015124701,1,1,1,positive regulation of thymocyte apoptotic process,BP,P,death,PGEN_.00g204470,P41221,WNT5A_HUMAN,Protein Wnt-5a
30,GO:0043066,0.019170836,0.995529497,5,177,negative regulation of apoptotic process,BP,P,death,PGEN_.00g004840; PGEN_.00g036880; PGEN_.00g076180; PGEN_.00g204470; PGEN_.00g277910,P54646; Q68CJ6; Q8JHV9; P41221; Q61165,AAPK2_HUMAN; SLIP_HUMAN; BIR7A_XENLA; WNT5A_HUMAN; SL9A1_MOUSE,5'-AMP-activated protein kinase catalytic subunit alpha-2 (AMPK subunit alpha-2) (EC 2.7.11.1) (Acetyl-CoA carboxylase kinase) (ACACA kinase) (EC 2.7.11.27) (Hydroxymethylglutaryl-CoA reductase kinase) (HMGCR kinase) (EC 2.7.11.31); Nuclear GTPase SLIP-GC (EC 3.6.1.-) (Speckled-like pattern in the germinal center); Baculoviral IAP repeat-containing protein 7-A (EC 2.3.2.27) (E3 ubiquitin-protein ligase EIAP-A) (Embryonic/Egg IAP) (xEIAP/XLX) (Inhibitor of apoptosis-like protein) (IAP-like protein) (RING-type E3 ubiquitin transferase EIAP-A) (XIAP homolog XLX) (XLX); Protein Wnt-5a; Sodium/hydrogen exchanger 1 (Na(+)/H(+) exchanger 1) (NHE-1) (Solute carrier family 9 member 1)
31,GO:0070997,0.031051852,0.999677045,1,3,neuron death,BP,P,death,PGEN_.00g277910,Q61165,SL9A1_MOUSE,Sodium/hydrogen exchanger 1 (Na(+)/H(+) exchanger 1) (NHE-1) (Solute carrier family 9 member 1)
32,GO:0007417,0.009826997,0.999012552,3,54,central nervous system development,BP,P,developmental processes,PGEN_.00g078310; PGEN_.00g218470; PGEN_.00g279870,P35992; O14594; P00522,PTP10_DROME; NCAN_HUMAN; ABL_DROME,Tyrosine-protein phosphatase 10D (EC 3.1.3.48) (Receptor-linked protein-tyrosine phosphatase 10D) (DPTP10D); Neurocan core protein (Chondroitin sulfate proteoglycan 3); Tyrosine-protein kinase Abl (EC 2.7.10.2) (D-ash) (Protein abelson)
33,GO:0060447,0.010318889,1,1,1,bud outgrowth involved in lung branching,BP,P,developmental processes,PGEN_.00g149640,Q80YX1,TENA_MOUSE,Tenascin (TN) (Hexabrachion) (Tenascin-C) (TN-C)
34,GO:0060739,0.010318889,1,1,1,mesenchymal-epithelial cell signaling involved in prostate gland development,BP,P,developmental processes,PGEN_.00g149640,Q80YX1,TENA_MOUSE,Tenascin (TN) (Hexabrachion) (Tenascin-C) (TN-C)
35,GO:2000290,0.01165809,1,1,1,regulation of myotome development,BP,P,developmental processes,PGEN_.00g062630,A0JMD4,TPC2_DANRE,Two pore calcium channel protein 2 (Voltage-dependent calcium channel protein TPC2)
36,GO:0030182,0.015046041,0.998234771,3,51,neuron differentiation,BP,P,developmental processes,PGEN_.00g204470; PGEN_.00g208580; PGEN_.00g211830,P41221; Q3L254; P16056,WNT5A_HUMAN; WNT7B_CHICK; MET_MOUSE,Protein Wnt-5a; Protein Wnt-7b; Hepatocyte growth factor receptor (HGF receptor) (EC 2.7.10.1) (HGF/SF receptor) (Proto-oncogene c-Met) (Scatter factor receptor) (SF receptor) (Tyrosine-protein kinase Met)
37,GO:0003402,0.015124701,1,1,1,planar cell polarity pathway involved in axis elongation,BP,P,developmental processes,PGEN_.00g204470,P41221,WNT5A_HUMAN,Protein Wnt-5a
38,GO:0003408,0.015124701,1,1,1,optic cup formation involved in camera-type eye development,BP,P,developmental processes,PGEN_.00g204470,P41221,WNT5A_HUMAN,Protein Wnt-5a
39,GO:0048850,0.015124701,1,1,1,hypophysis morphogenesis,BP,P,developmental processes,PGEN_.00g204470,P41221,WNT5A_HUMAN,Protein Wnt-5a
40,GO:0051885,0.015124701,1,1,1,positive regulation of timing of anagen,BP,P,developmental processes,PGEN_.00g204470,P41221,WNT5A_HUMAN,Protein Wnt-5a
41,GO:0060157,0.015124701,1,1,1,urinary bladder development,BP,P,developmental processes,PGEN_.00g204470,P41221,WNT5A_HUMAN,Protein Wnt-5a
42,GO:0060599,0.015124701,1,1,1,lateral sprouting involved in mammary gland duct morphogenesis,BP,P,developmental processes,PGEN_.00g204470,P41221,WNT5A_HUMAN,Protein Wnt-5a
43,GO:0061348,0.015124701,1,1,1,planar cell polarity pathway involved in ventricular septum morphogenesis,BP,P,developmental processes,PGEN_.00g204470,P41221,WNT5A_HUMAN,Protein Wnt-5a
44,GO:0061349,0.015124701,1,1,1,planar cell polarity pathway involved in cardiac right atrium morphogenesis,BP,P,developmental processes,PGEN_.00g204470,P41221,WNT5A_HUMAN,Protein Wnt-5a
45,GO:0061354,0.015124701,1,1,1,planar cell polarity pathway involved in pericardium morphogenesis,BP,P,developmental processes,PGEN_.00g204470,P41221,WNT5A_HUMAN,Protein Wnt-5a
46,GO:0007370,0.015180578,1,1,1,ventral furrow formation,BP,P,developmental processes,PGEN_.00g279870,P00522,ABL_DROME,Tyrosine-protein kinase Abl (EC 2.7.10.2) (D-ash) (Protein abelson)
47,GO:0042475,0.015310389,0.999145174,2,20,odontogenesis of dentin-containing tooth,BP,P,developmental processes,PGEN_.00g149640; PGEN_.00g190430,Q80YX1; O75096,TENA_MOUSE; LRP4_HUMAN,Tenascin (TN) (Hexabrachion) (Tenascin-C) (TN-C); Low-density lipoprotein receptor-related protein 4 (LRP-4) (Multiple epidermal growth factor-like domains 7)
48,GO:0014902,0.017197639,0.999889312,1,4,myotube differentiation,BP,P,developmental processes,PGEN_.00g211830,P16056,MET_MOUSE,Hepatocyte growth factor receptor (HGF receptor) (EC 2.7.10.1) (HGF/SF receptor) (Proto-oncogene c-Met) (Scatter factor receptor) (SF receptor) (Tyrosine-protein kinase Met)
49,GO:0055013,0.017273104,0.999888335,1,4,cardiac muscle cell development,BP,P,developmental processes,PGEN_.00g211830,P16056,MET_MOUSE,Hepatocyte growth factor receptor (HGF receptor) (EC 2.7.10.1) (HGF/SF receptor) (Proto-oncogene c-Met) (Scatter factor receptor) (SF receptor) (Tyrosine-protein kinase Met)
50,GO:0060173,0.021361161,0.99857227,2,21,limb development,BP,P,developmental processes,PGEN_.00g167410; PGEN_.00g190430,Q9Y2V3; O75096,RX_HUMAN; LRP4_HUMAN,Retinal homeobox protein Rx (Retina and anterior neural fold homeobox protein); Low-density lipoprotein receptor-related protein 4 (LRP-4) (Multiple epidermal growth factor-like domains 7)
51,GO:0060665,0.021681886,0.999882268,1,2,regulation of branching involved in salivary gland morphogenesis by mesenchymal-epithelial signaling,BP,P,developmental processes,PGEN_.00g211830,P16056,MET_MOUSE,Hepatocyte growth factor receptor (HGF receptor) (EC 2.7.10.1) (HGF/SF receptor) (Proto-oncogene c-Met) (Scatter factor receptor) (SF receptor) (Tyrosine-protein kinase Met)
52,GO:0072205,0.023220304,0.999864861,1,2,metanephric collecting duct development,BP,P,developmental processes,PGEN_.00g049510,Q8TDM6,DLG5_HUMAN,Disks large homolog 5 (Discs large protein P-dlg) (Placenta and prostate DLG)
53,GO:0060762,0.023560909,0.999791683,1,4,regulation of branching involved in mammary gland duct morphogenesis,BP,P,developmental processes,PGEN_.00g204470,P41221,WNT5A_HUMAN,Protein Wnt-5a
54,GO:0060686,0.027680464,0.999743762,1,3,negative regulation of prostatic bud formation,BP,P,developmental processes,PGEN_.00g204470,P41221,WNT5A_HUMAN,Protein Wnt-5a
55,GO:0021891,0.028040782,0.999802439,1,2,olfactory bulb interneuron development,BP,P,developmental processes,PGEN_.00g204470,P41221,WNT5A_HUMAN,Protein Wnt-5a
56,GO:0030502,0.028383574,0.999797543,1,2,negative regulation of bone mineralization,BP,P,developmental processes,PGEN_.00g252700,Q9ESQ5,TRPM4_RAT,Transient receptor potential cation channel subfamily M member 4 (Calcium-activated non-selective cation channel 1) (Long transient receptor potential channel 4) (LTrpC-4) (LTrpC4) (MLS2s) (Melastatin-like 2)
57,GO:0060067,0.029032419,0.99978811,1,2,cervix development,BP,P,developmental processes,PGEN_.00g204470,P41221,WNT5A_HUMAN,Protein Wnt-5a
58,GO:0009953,0.029555392,0.997590057,2,32,dorsal/ventral pattern formation,BP,P,developmental processes,PGEN_.00g014370; PGEN_.00g190430,Q11002; O75096,CANA_DROME; LRP4_HUMAN,Calpain-A (EC 3.4.22.-) (Calcium-activated neutral proteinase A) (CANP A) [Cleaved into: Calpain-A catalytic subunit]; Low-density lipoprotein receptor-related protein 4 (LRP-4) (Multiple epidermal growth factor-like domains 7)
59,GO:0048341,0.030633632,0.999685746,1,3,paraxial mesoderm formation,BP,P,developmental processes,PGEN_.00g204470,P41221,WNT5A_HUMAN,Protein Wnt-5a
60,GO:0001764,0.030967317,0.995207818,3,57,neuron migration,BP,P,developmental processes,PGEN_.00g035760; PGEN_.00g211830; PGEN_.00g279870,Q13976; P16056; P00522,KGP1_HUMAN; MET_MOUSE; ABL_DROME,cGMP-dependent protein kinase 1 (cGK 1) (cGK1) (EC 2.7.11.12) (cGMP-dependent protein kinase I) (cGKI); Hepatocyte growth factor receptor (HGF receptor) (EC 2.7.10.1) (HGF/SF receptor) (Proto-oncogene c-Met) (Scatter factor receptor) (SF receptor) (Tyrosine-protein kinase Met); Tyrosine-protein kinase Abl (EC 2.7.10.2) (D-ash) (Protein abelson)
61,GO:0008595,0.031116663,0.999635469,1,4,"anterior/posterior axis specification, embryo",BP,P,developmental processes,PGEN_.00g204470,P41221,WNT5A_HUMAN,Protein Wnt-5a
62,GO:0061436,0.031498145,0.999626415,1,4,establishment of skin barrier,BP,P,developmental processes,PGEN_.00g211830,P16056,MET_MOUSE,Hepatocyte growth factor receptor (HGF receptor) (EC 2.7.10.1) (HGF/SF receptor) (Proto-oncogene c-Met) (Scatter factor receptor) (SF receptor) (Tyrosine-protein kinase Met)
63,GO:0048806,0.032142818,0.999739859,1,2,genitalia development,BP,P,developmental processes,PGEN_.00g204470,P41221,WNT5A_HUMAN,Protein Wnt-5a
64,GO:0060744,0.032639672,0.999642912,1,3,mammary gland branching involved in thelarche,BP,P,developmental processes,PGEN_.00g204470,P41221,WNT5A_HUMAN,Protein Wnt-5a
65,GO:0060740,0.032663161,0.999642394,1,3,prostate gland epithelium morphogenesis,BP,P,developmental processes,PGEN_.00g149640,Q80YX1,TENA_MOUSE,Tenascin (TN) (Hexabrachion) (Tenascin-C) (TN-C)
66,GO:0060065,0.033037241,0.999634093,1,3,uterus development,BP,P,developmental processes,PGEN_.00g204470,P41221,WNT5A_HUMAN,Protein Wnt-5a
67,GO:0060446,0.034976359,0.99969152,1,2,branching involved in open tracheal system development,BP,P,developmental processes,PGEN_.00g078310,P35992,PTP10_DROME,Tyrosine-protein phosphatase 10D (EC 3.1.3.48) (Receptor-linked protein-tyrosine phosphatase 10D) (DPTP10D)
68,GO:0061036,0.036380288,0.999467618,1,5,positive regulation of cartilage development,BP,P,developmental processes,PGEN_.00g204470,P41221,WNT5A_HUMAN,Protein Wnt-5a
69,GO:0021854,0.039299011,0.999352389,1,6,hypothalamus development,BP,P,developmental processes,PGEN_.00g167410,Q9Y2V3,RX_HUMAN,Retinal homeobox protein Rx (Retina and anterior neural fold homeobox protein)
70,GO:0021871,0.039833545,0.999466394,1,3,forebrain regionalization,BP,P,developmental processes,PGEN_.00g208580,Q3L254,WNT7B_CHICK,Protein Wnt-7b
71,GO:0070307,0.039932458,0.999463716,1,3,lens fiber cell development,BP,P,developmental processes,PGEN_.00g208580,Q3L254,WNT7B_CHICK,Protein Wnt-7b
72,GO:0007442,0.040223962,0.999455785,1,3,hindgut morphogenesis,BP,P,developmental processes,PGEN_.00g204470,P41221,WNT5A_HUMAN,Protein Wnt-5a
73,GO:0021785,0.046079634,0.999283862,1,3,branchiomotor neuron axon guidance,BP,P,developmental processes,PGEN_.00g279870,P00522,ABL_DROME,Tyrosine-protein kinase Abl (EC 2.7.10.2) (D-ash) (Protein abelson)
74,GO:0060441,0.046293204,0.999134403,1,5,epithelial tube branching involved in lung morphogenesis,BP,P,developmental processes,PGEN_.00g049510,Q8TDM6,DLG5_HUMAN,Disks large homolog 5 (Discs large protein P-dlg) (Placenta and prostate DLG)
75,GO:0048813,0.046462739,0.995158813,2,32,dendrite morphogenesis,BP,P,developmental processes,PGEN_.00g190430; PGEN_.00g279870,O75096; P00522,LRP4_HUMAN; ABL_DROME,Low-density lipoprotein receptor-related protein 4 (LRP-4) (Multiple epidermal growth factor-like domains 7); Tyrosine-protein kinase Abl (EC 2.7.10.2) (D-ash) (Protein abelson)
76,GO:0042733,0.046864198,0.995101258,2,31,embryonic digit morphogenesis,BP,P,developmental processes,PGEN_.00g190430; PGEN_.00g204470,O75096; P41221,LRP4_HUMAN; WNT5A_HUMAN,Low-density lipoprotein receptor-related protein 4 (LRP-4) (Multiple epidermal growth factor-like domains 7); Protein Wnt-5a
77,GO:0045740,0.003639447,0.999910176,2,11,positive regulation of DNA replication,BP,P,DNA metabolism,PGEN_.00g024960; PGEN_.00g211830,Q6BK42; P16056,DDI1_DEBHA; MET_MOUSE,DNA damage-inducible protein 1 (EC 3.4.23.-); Hepatocyte growth factor receptor (HGF receptor) (EC 2.7.10.1) (HGF/SF receptor) (Proto-oncogene c-Met) (Scatter factor receptor) (SF receptor) (Tyrosine-protein kinase Met)
78,GO:0080111,0.016232357,0.999912342,1,3,DNA demethylation,BP,P,DNA metabolism,PGEN_.00g131030,Q9NXW9,ALKB4_HUMAN,Alpha-ketoglutarate-dependent dioxygenase alkB homolog 4 (Alkylated DNA repair protein alkB homolog 4) (DNA N6-methyl adenine demethylase ALKBH4) (EC 1.14.11.51) (Lysine-specific demethylase ALKBH4) (EC 1.14.11.-)
79,GO:0006313,0.017701367,0.999869741,1,6,"transposition, DNA-mediated",BP,P,DNA metabolism,PGEN_.00g304970,D2GZW6,VRTN_AILME,Vertnin
80,GO:0071300,0.000403513,0.999988724,3,12,cellular response to retinoic acid,BP,P,other biological processes,PGEN_.00g149640; PGEN_.00g204470; PGEN_.00g208580,Q80YX1; P41221; Q3L254,TENA_MOUSE; WNT5A_HUMAN; WNT7B_CHICK,Tenascin (TN) (Hexabrachion) (Tenascin-C) (TN-C); Protein Wnt-5a; Protein Wnt-7b
81,GO:0007599,0.003317204,1,1,1,hemostasis,BP,P,other biological processes,PGEN_.00g043300,Q07076,ANXA7_MOUSE,Annexin A7 (Annexin VII) (Annexin-7) (Synexin)
82,GO:0045446,0.003859807,1,1,1,endothelial cell differentiation,BP,P,other biological processes,PGEN_.00g165230,Q8IWY4,SCUB1_HUMAN,"Signal peptide, CUB and EGF-like domain-containing protein 1"
83,GO:0042752,0.004824532,0.999631631,3,37,regulation of circadian rhythm,BP,P,other biological processes,PGEN_.00g004840; PGEN_.00g072260; PGEN_.00g213360,P54646; Q5XXP2; Q14995,AAPK2_HUMAN; OPN4_PHOSU; NR1D2_HUMAN,5'-AMP-activated protein kinase catalytic subunit alpha-2 (AMPK subunit alpha-2) (EC 2.7.11.1) (Acetyl-CoA carboxylase kinase) (ACACA kinase) (EC 2.7.11.27) (Hydroxymethylglutaryl-CoA reductase kinase) (HMGCR kinase) (EC 2.7.11.31); Melanopsin (Opsin-4); Nuclear receptor subfamily 1 group D member 2 (Orphan nuclear hormone receptor BD73) (Rev-erb alpha-related receptor) (RVR) (Rev-erb-beta) (V-erbA-related protein 1-related) (EAR-1R)
84,GO:0036090,0.00491383,1,1,1,cleavage furrow ingression,BP,P,other biological processes,PGEN_.00g131030,Q9NXW9,ALKB4_HUMAN,Alpha-ketoglutarate-dependent dioxygenase alkB homolog 4 (Alkylated DNA repair protein alkB homolog 4) (DNA N6-methyl adenine demethylase ALKBH4) (EC 1.14.11.51) (Lysine-specific demethylase ALKBH4) (EC 1.14.11.-)
85,GO:0002724,0.006673001,1,1,1,regulation of T cell cytokine production,BP,P,other biological processes,PGEN_.00g252700,Q9ESQ5,TRPM4_RAT,Transient receptor potential cation channel subfamily M member 4 (Calcium-activated non-selective cation channel 1) (Long transient receptor potential channel 4) (LTrpC-4) (LTrpC4) (MLS2s) (Melastatin-like 2)
86,GO:0014812,0.007881992,1,1,1,muscle cell migration,BP,P,other biological processes,PGEN_.00g211830,P16056,MET_MOUSE,Hepatocyte growth factor receptor (HGF receptor) (EC 2.7.10.1) (HGF/SF receptor) (Proto-oncogene c-Met) (Scatter factor receptor) (SF receptor) (Tyrosine-protein kinase Met)
87,GO:0071635,0.007881992,1,1,1,negative regulation of transforming growth factor beta production,BP,P,other biological processes,PGEN_.00g211830,P16056,MET_MOUSE,Hepatocyte growth factor receptor (HGF receptor) (EC 2.7.10.1) (HGF/SF receptor) (Proto-oncogene c-Met) (Scatter factor receptor) (SF receptor) (Tyrosine-protein kinase Met)
88,GO:0071774,0.010318889,1,1,1,response to fibroblast growth factor,BP,P,other biological processes,PGEN_.00g149640,Q80YX1,TENA_MOUSE,Tenascin (TN) (Hexabrachion) (Tenascin-C) (TN-C)
89,GO:0071799,0.010318889,1,1,1,cellular response to prostaglandin D stimulus,BP,P,other biological processes,PGEN_.00g149640,Q80YX1,TENA_MOUSE,Tenascin (TN) (Hexabrachion) (Tenascin-C) (TN-C)
90,GO:0072710,0.011136691,0.999969106,1,2,response to hydroxyurea,BP,P,other biological processes,PGEN_.00g024960,Q6BK42,DDI1_DEBHA,DNA damage-inducible protein 1 (EC 3.4.23.-)
91,GO:0086003,0.011497797,1,1,1,cardiac muscle cell contraction,BP,P,other biological processes,PGEN_.00g277910,Q61165,SL9A1_MOUSE,Sodium/hydrogen exchanger 1 (Na(+)/H(+) exchanger 1) (NHE-1) (Solute carrier family 9 member 1)
92,GO:0086092,0.011497797,1,1,1,regulation of the force of heart contraction by cardiac conduction,BP,P,other biological processes,PGEN_.00g277910,Q61165,SL9A1_MOUSE,Sodium/hydrogen exchanger 1 (Na(+)/H(+) exchanger 1) (NHE-1) (Solute carrier family 9 member 1)
93,GO:0042310,0.011524001,0.999955913,1,3,vasoconstriction,BP,P,other biological processes,PGEN_.00g252700,Q9ESQ5,TRPM4_RAT,Transient receptor potential cation channel subfamily M member 4 (Calcium-activated non-selective cation channel 1) (Long transient receptor potential channel 4) (LTrpC-4) (LTrpC4) (MLS2s) (Melastatin-like 2)
94,GO:0032504,0.014501141,0.99994753,1,2,multicellular organism reproduction,BP,P,other biological processes,PGEN_.00g015800,O76840,PPN1_CAEEL,Papilin (Abnormal cell migration protein 6)
95,GO:0032675,0.014531815,0.999947307,1,2,regulation of interleukin-6 production,BP,P,other biological processes,PGEN_.00g211830,P16056,MET_MOUSE,Hepatocyte growth factor receptor (HGF receptor) (EC 2.7.10.1) (HGF/SF receptor) (Proto-oncogene c-Met) (Scatter factor receptor) (SF receptor) (Tyrosine-protein kinase Met)
96,GO:0009612,0.014651602,0.999204078,2,19,response to mechanical stimulus,BP,P,other biological processes,PGEN_.00g029240; PGEN_.00g149640,Q86VZ4; Q80YX1,LRP11_HUMAN; TENA_MOUSE,Low-density lipoprotein receptor-related protein 11 (LRP-11); Tenascin (TN) (Hexabrachion) (Tenascin-C) (TN-C)
97,GO:0060029,0.015124701,1,1,1,convergent extension involved in organogenesis,BP,P,other biological processes,PGEN_.00g204470,P41221,WNT5A_HUMAN,Protein Wnt-5a
98,GO:0045165,0.015572257,0.999122759,2,20,cell fate commitment,BP,P,other biological processes,PGEN_.00g204470; PGEN_.00g208580,P41221; Q3L254,WNT5A_HUMAN; WNT7B_CHICK,Protein Wnt-5a; Protein Wnt-7b
99,GO:0097009,0.015651517,0.999133958,2,16,energy homeostasis,BP,P,other biological processes,PGEN_.00g004840; PGEN_.00g213360,P54646; Q14995,AAPK2_HUMAN; NR1D2_HUMAN,5'-AMP-activated protein kinase catalytic subunit alpha-2 (AMPK subunit alpha-2) (EC 2.7.11.1) (Acetyl-CoA carboxylase kinase) (ACACA kinase) (EC 2.7.11.27) (Hydroxymethylglutaryl-CoA reductase kinase) (HMGCR kinase) (EC 2.7.11.31); Nuclear receptor subfamily 1 group D member 2 (Orphan nuclear hormone receptor BD73) (Rev-erb alpha-related receptor) (RVR) (Rev-erb-beta) (V-erbA-related protein 1-related) (EAR-1R)
100,GO:0035994,0.016315166,0.99993352,1,2,response to muscle stretch,BP,P,other biological processes,PGEN_.00g277910,Q61165,SL9A1_MOUSE,Sodium/hydrogen exchanger 1 (Na(+)/H(+) exchanger 1) (NHE-1) (Solute carrier family 9 member 1)
101,GO:0010460,0.017586157,0.999922708,1,2,positive regulation of heart rate,BP,P,other biological processes,PGEN_.00g252700,Q9ESQ5,TRPM4_RAT,Transient receptor potential cation channel subfamily M member 4 (Calcium-activated non-selective cation channel 1) (Long transient receptor potential channel 4) (LTrpC-4) (LTrpC4) (MLS2s) (Melastatin-like 2)
102,GO:0060907,0.017801517,0.999920795,1,2,positive regulation of macrophage cytokine production,BP,P,other biological processes,PGEN_.00g204470,P41221,WNT5A_HUMAN,Protein Wnt-5a
103,GO:0002407,0.01794196,0.999892822,1,3,dendritic cell chemotaxis,BP,P,other biological processes,PGEN_.00g252700,Q9ESQ5,TRPM4_RAT,Transient receptor potential cation channel subfamily M member 4 (Calcium-activated non-selective cation channel 1) (Long transient receptor potential channel 4) (LTrpC-4) (LTrpC4) (MLS2s) (Melastatin-like 2)
104,GO:0010447,0.018384264,0.999915499,1,2,response to acidic pH,BP,P,other biological processes,PGEN_.00g277910,Q61165,SL9A1_MOUSE,Sodium/hydrogen exchanger 1 (Na(+)/H(+) exchanger 1) (NHE-1) (Solute carrier family 9 member 1)
105,GO:0034613,0.02243921,0.998438056,2,26,cellular protein localization,BP,P,other biological processes,PGEN_.00g204470; PGEN_.00g334400,P41221; O01761,WNT5A_HUMAN; UNC89_CAEEL,Protein Wnt-5a; Muscle M-line assembly protein unc-89 (Obscurin) (Uncoordinated protein 89)
106,GO:0030277,0.024824536,0.999845416,1,2,maintenance of gastrointestinal epithelium,BP,P,other biological processes,PGEN_.00g051430,Q2HJF4,PBLD_BOVIN,Phenazine biosynthesis-like domain-containing protein (EC 5.1.-.-)
107,GO:0060028,0.027006079,0.999756171,1,3,convergent extension involved in axis elongation,BP,P,other biological processes,PGEN_.00g204470,P41221,WNT5A_HUMAN,Protein Wnt-5a
108,GO:0006883,0.027459941,0.999747854,1,3,cellular sodium ion homeostasis,BP,P,other biological processes,PGEN_.00g277910,Q61165,SL9A1_MOUSE,Sodium/hydrogen exchanger 1 (Na(+)/H(+) exchanger 1) (NHE-1) (Solute carrier family 9 member 1)
109,GO:0002026,0.028065831,0.999736532,1,3,regulation of the force of heart contraction,BP,P,other biological processes,PGEN_.00g277910,Q61165,SL9A1_MOUSE,Sodium/hydrogen exchanger 1 (Na(+)/H(+) exchanger 1) (NHE-1) (Solute carrier family 9 member 1)
110,GO:0045907,0.028243819,0.999666982,1,6,positive regulation of vasoconstriction,BP,P,other biological processes,PGEN_.00g252700,Q9ESQ5,TRPM4_RAT,Transient receptor potential cation channel subfamily M member 4 (Calcium-activated non-selective cation channel 1) (Long transient receptor potential channel 4) (LTrpC-4) (LTrpC4) (MLS2s) (Melastatin-like 2)
111,GO:0030859,0.030572239,0.999687013,1,3,polarized epithelial cell differentiation,BP,P,other biological processes,PGEN_.00g049510,Q8TDM6,DLG5_HUMAN,Disks large homolog 5 (Discs large protein P-dlg) (Placenta and prostate DLG)
112,GO:0032703,0.030796624,0.999682369,1,3,negative regulation of interleukin-2 production,BP,P,other biological processes,PGEN_.00g013900,Q80TN7,NAV3_MOUSE,Neuron navigator 3 (Pore membrane and/or filament-interacting-like protein 1)
113,GO:0014070,0.030836672,0.997427603,2,32,response to organic cyclic compound,BP,P,other biological processes,PGEN_.00g043300; PGEN_.00g277910,Q07076; Q61165,ANXA7_MOUSE; SL9A1_MOUSE,Annexin A7 (Annexin VII) (Annexin-7) (Synexin); Sodium/hydrogen exchanger 1 (Na(+)/H(+) exchanger 1) (NHE-1) (Solute carrier family 9 member 1)
114,GO:0071305,0.032293444,0.999650503,1,3,cellular response to vitamin D,BP,P,other biological processes,PGEN_.00g149640,Q80YX1,TENA_MOUSE,Tenascin (TN) (Hexabrachion) (Tenascin-C) (TN-C)
115,GO:0045989,0.032692113,0.999730815,1,2,positive regulation of striated muscle contraction,BP,P,other biological processes,PGEN_.00g334400,O01761,UNC89_CAEEL,Muscle M-line assembly protein unc-89 (Obscurin) (Uncoordinated protein 89)
116,GO:0071257,0.033639362,0.999620529,1,3,cellular response to electrical stimulus,BP,P,other biological processes,PGEN_.00g277910,Q61165,SL9A1_MOUSE,Sodium/hydrogen exchanger 1 (Na(+)/H(+) exchanger 1) (NHE-1) (Solute carrier family 9 member 1)
117,GO:0071896,0.034603316,0.999598291,1,3,protein localization to adherens junction,BP,P,other biological processes,PGEN_.00g049510,Q8TDM6,DLG5_HUMAN,Disks large homolog 5 (Discs large protein P-dlg) (Placenta and prostate DLG)
118,GO:0030011,0.035393536,0.999579582,1,3,maintenance of cell polarity,BP,P,other biological processes,PGEN_.00g049510,Q8TDM6,DLG5_HUMAN,Disks large homolog 5 (Discs large protein P-dlg) (Placenta and prostate DLG)
119,GO:0030435,0.035749356,0.999486058,1,5,sporulation resulting in formation of a cellular spore,BP,P,other biological processes,PGEN_.00g322650,P22699,GUN6_DICDI,"Endoglucanase (EC 3.2.1.4) (Cellulase) (Endo-1,4-beta-glucanase) (Spore germination protein 270-6)"
120,GO:0070293,0.037270914,0.999533395,1,3,renal absorption,BP,P,other biological processes,PGEN_.00g065950,O73925,KCNQ1_SQUAC,Potassium voltage-gated channel subfamily KQT member 1 (IKs producing slow voltage-gated potassium channel subunit alpha KvLQT1) (KQT-like 1) (Voltage-gated potassium channel subunit Kv7.1)
121,GO:0071468,0.037592874,0.999431251,1,5,cellular response to acidic pH,BP,P,other biological processes,PGEN_.00g277910,Q61165,SL9A1_MOUSE,Sodium/hydrogen exchanger 1 (Na(+)/H(+) exchanger 1) (NHE-1) (Solute carrier family 9 member 1)
122,GO:0071380,0.039315973,0.999480295,1,3,cellular response to prostaglandin E stimulus,BP,P,other biological processes,PGEN_.00g004840,P54646,AAPK2_HUMAN,5'-AMP-activated protein kinase catalytic subunit alpha-2 (AMPK subunit alpha-2) (EC 2.7.11.1) (Acetyl-CoA carboxylase kinase) (ACACA kinase) (EC 2.7.11.27) (Hydroxymethylglutaryl-CoA reductase kinase) (HMGCR kinase) (EC 2.7.11.31)
123,GO:0009847,0.040136166,0.999391151,1,4,spore germination,BP,P,other biological processes,PGEN_.00g322650,P22699,GUN6_DICDI,"Endoglucanase (EC 3.2.1.4) (Cellulase) (Endo-1,4-beta-glucanase) (Spore germination protein 270-6)"
124,GO:0071872,0.040324354,0.999453039,1,3,cellular response to epinephrine stimulus,BP,P,other biological processes,PGEN_.00g277910,Q61165,SL9A1_MOUSE,Sodium/hydrogen exchanger 1 (Na(+)/H(+) exchanger 1) (NHE-1) (Solute carrier family 9 member 1)
125,GO:0071236,0.042301209,0.999278453,1,5,cellular response to antibiotic,BP,P,other biological processes,PGEN_.00g277910,Q61165,SL9A1_MOUSE,Sodium/hydrogen exchanger 1 (Na(+)/H(+) exchanger 1) (NHE-1) (Solute carrier family 9 member 1)
126,GO:0032880,0.042339512,0.995843178,2,27,regulation of protein localization,BP,P,other biological processes,PGEN_.00g033560; PGEN_.00g279870,Q922B6; P00522,TRAF7_MOUSE; ABL_DROME,E3 ubiquitin-protein ligase TRAF7 (EC 2.3.2.27) (RING-type E3 ubiquitin transferase TRAF7) (TNF receptor-associated factor 7); Tyrosine-protein kinase Abl (EC 2.7.10.2) (D-ash) (Protein abelson)
127,GO:0043032,0.04301983,0.999253506,1,5,positive regulation of macrophage activation,BP,P,other biological processes,PGEN_.00g204470,P41221,WNT5A_HUMAN,Protein Wnt-5a
128,GO:0010820,0.045410366,0.999218837,1,4,positive regulation of T cell chemotaxis,BP,P,other biological processes,PGEN_.00g204470,P41221,WNT5A_HUMAN,Protein Wnt-5a
129,GO:0009247,0.002688363,0.999942382,2,12,glycolipid biosynthetic process,BP,P,other metabolic processes,PGEN_.00g129780; PGEN_.00g134400,P61315; P61315,G3ST3_MOUSE; G3ST3_MOUSE,"Galactose-3-O-sulfotransferase 3 (Gal3ST-3) (EC 2.8.2.-) (Beta-galactose-3-O-sulfotransferase 3) (Gal-beta-1, 3-GalNAc 3'-sulfotransferase 3); Galactose-3-O-sulfotransferase 3 (Gal3ST-3) (EC 2.8.2.-) (Beta-galactose-3-O-sulfotransferase 3) (Gal-beta-1, 3-GalNAc 3'-sulfotransferase 3)"
130,GO:0009710,0.005141237,1,1,1,tropane alkaloid biosynthetic process,BP,P,other metabolic processes,PGEN_.00g279140,P50164,TRN2_HYONI,Tropinone reductase 2 (EC 1.1.1.236) (Tropinone reductase II) (TR-II)
131,GO:0008610,0.006644078,0.99977068,2,13,lipid biosynthetic process,BP,P,other metabolic processes,PGEN_.00g004840; PGEN_.00g101840,P54646; Q8R197,AAPK2_HUMAN; SAST_MOUSE,"5'-AMP-activated protein kinase catalytic subunit alpha-2 (AMPK subunit alpha-2) (EC 2.7.11.1) (Acetyl-CoA carboxylase kinase) (ACACA kinase) (EC 2.7.11.27) (Hydroxymethylglutaryl-CoA reductase kinase) (HMGCR kinase) (EC 2.7.11.31); S-acyl fatty acid synthase thioesterase, medium chain (EC 3.1.2.14) (Oleoyl-ACP hydrolase) (Thioesterase II) (Thioesterase domain-containing protein 1)"
132,GO:0051792,0.011652016,1,1,1,medium-chain fatty acid biosynthetic process,BP,P,other metabolic processes,PGEN_.00g101840,Q8R197,SAST_MOUSE,"S-acyl fatty acid synthase thioesterase, medium chain (EC 3.1.2.14) (Oleoyl-ACP hydrolase) (Thioesterase II) (Thioesterase domain-containing protein 1)"
133,GO:0006572,0.012034162,1,1,1,tyrosine catabolic process,BP,P,other metabolic processes,PGEN_.00g060400,Q93099,HGD_HUMAN,"Homogentisate 1,2-dioxygenase (EC 1.13.11.5) (Homogentisate oxygenase) (Homogentisic acid oxidase) (Homogentisicase)"
134,GO:0042304,0.015568345,1,1,1,regulation of fatty acid biosynthetic process,BP,P,other metabolic processes,PGEN_.00g004840,P54646,AAPK2_HUMAN,5'-AMP-activated protein kinase catalytic subunit alpha-2 (AMPK subunit alpha-2) (EC 2.7.11.1) (Acetyl-CoA carboxylase kinase) (ACACA kinase) (EC 2.7.11.27) (Hydroxymethylglutaryl-CoA reductase kinase) (HMGCR kinase) (EC 2.7.11.31)
135,GO:0006660,0.019917938,0.999900735,1,2,phosphatidylserine catabolic process,BP,P,other metabolic processes,PGEN_.00g279730,Q5R6S0,ABHGA_PONAB,Phosphatidylserine lipase ABHD16A (EC 3.1.-.-) (Alpha/beta hydrolase domain-containing protein 16A) (Abhydrolase domain-containing protein 16A) (HLA-B-associated transcript 5 homolog) (Monoacylglycerol lipase ABHD16A) (EC 3.1.1.23)
136,GO:0070989,0.024840604,0.999752971,1,5,oxidative demethylation,BP,P,other metabolic processes,PGEN_.00g131030,Q9NXW9,ALKB4_HUMAN,Alpha-ketoglutarate-dependent dioxygenase alkB homolog 4 (Alkylated DNA repair protein alkB homolog 4) (DNA N6-methyl adenine demethylase ALKBH4) (EC 1.14.11.51) (Lysine-specific demethylase ALKBH4) (EC 1.14.11.-)
137,GO:0006633,0.025378765,0.998113665,2,26,fatty acid biosynthetic process,BP,P,other metabolic processes,PGEN_.00g004840; PGEN_.00g213500,P54646; P9WQE8,AAPK2_HUMAN; PHAS_MYCTO,5'-AMP-activated protein kinase catalytic subunit alpha-2 (AMPK subunit alpha-2) (EC 2.7.11.1) (Acetyl-CoA carboxylase kinase) (ACACA kinase) (EC 2.7.11.27) (Hydroxymethylglutaryl-CoA reductase kinase) (HMGCR kinase) (EC 2.7.11.31); Phthioceranic/hydroxyphthioceranic acid synthase (EC 2.3.1.-) (Polyketide synthase pks2)
138,GO:0048022,0.027745349,0.999806609,1,2,negative regulation of melanin biosynthetic process,BP,P,other metabolic processes,PGEN_.00g204470,P41221,WNT5A_HUMAN,Protein Wnt-5a
139,GO:0006559,0.029856196,0.999664586,1,4,L-phenylalanine catabolic process,BP,P,other metabolic processes,PGEN_.00g060400,Q93099,HGD_HUMAN,"Homogentisate 1,2-dioxygenase (EC 1.13.11.5) (Homogentisate oxygenase) (Homogentisic acid oxidase) (Homogentisicase)"
140,GO:0046511,0.035064547,0.999587424,1,3,sphinganine biosynthetic process,BP,P,other metabolic processes,PGEN_.00g171780,P97363,SPTC2_MOUSE,Serine palmitoyltransferase 2 (EC 2.3.1.50) (Long chain base biosynthesis protein 2) (LCB 2) (Long chain base biosynthesis protein 2a) (LCB2a) (Serine-palmitoyl-CoA transferase 2) (SPT 2)
141,GO:0008299,0.036514177,0.999463662,1,5,isoprenoid biosynthetic process,BP,P,other metabolic processes,PGEN_.00g273120,O26153,IPK_METTH,Isopentenyl phosphate kinase (IPK) (EC 2.7.4.26)
142,GO:0006686,0.039642461,0.999406164,1,4,sphingomyelin biosynthetic process,BP,P,other metabolic processes,PGEN_.00g171780,P97363,SPTC2_MOUSE,Serine palmitoyltransferase 2 (EC 2.3.1.50) (Long chain base biosynthesis protein 2) (LCB 2) (Long chain base biosynthesis protein 2a) (LCB2a) (Serine-palmitoyl-CoA transferase 2) (SPT 2)
143,GO:0052651,0.040602593,0.999335707,1,5,monoacylglycerol catabolic process,BP,P,other metabolic processes,PGEN_.00g279730,Q5R6S0,ABHGA_PONAB,Phosphatidylserine lipase ABHD16A (EC 3.1.-.-) (Alpha/beta hydrolase domain-containing protein 16A) (Abhydrolase domain-containing protein 16A) (HLA-B-associated transcript 5 homolog) (Monoacylglycerol lipase ABHD16A) (EC 3.1.1.23)
144,GO:0010628,0.04705727,0.98842778,4,131,positive regulation of gene expression,BP,P,other metabolic processes,PGEN_.00g149640; PGEN_.00g204470; PGEN_.00g211830; PGEN_.00g334400,Q80YX1; P41221; P16056; O01761,TENA_MOUSE; WNT5A_HUMAN; MET_MOUSE; UNC89_CAEEL,Tenascin (TN) (Hexabrachion) (Tenascin-C) (TN-C); Protein Wnt-5a; Hepatocyte growth factor receptor (HGF receptor) (EC 2.7.10.1) (HGF/SF receptor) (Proto-oncogene c-Met) (Scatter factor receptor) (SF receptor) (Tyrosine-protein kinase Met); Muscle M-line assembly protein unc-89 (Obscurin) (Uncoordinated protein 89)
145,GO:0043328,0.002617233,1,1,1,protein transport to vacuole involved in ubiquitin-dependent protein catabolic process via the multivesicular body sorting pathway,BP,P,protein metabolism,PGEN_.00g024960,Q6BK42,DDI1_DEBHA,DNA damage-inducible protein 1 (EC 3.4.23.-)
146,GO:0010800,0.006442916,0.999781131,2,13,positive regulation of peptidyl-threonine phosphorylation,BP,P,protein metabolism,PGEN_.00g204470; PGEN_.00g211830,P41221; P16056,WNT5A_HUMAN; MET_MOUSE,Protein Wnt-5a; Hepatocyte growth factor receptor (HGF receptor) (EC 2.7.10.1) (HGF/SF receptor) (Proto-oncogene c-Met) (Scatter factor receptor) (SF receptor) (Tyrosine-protein kinase Met)
147,GO:0031397,0.012368518,0.99938018,2,21,negative regulation of protein ubiquitination,BP,P,protein metabolism,PGEN_.00g043790; PGEN_.00g271680,P97346; Q5U504,NXN_MOUSE; KLH40_XENLA,Nucleoredoxin (EC 1.8.1.8) (Protein Red-1); Kelch-like protein 40 (Kelch repeat and BTB domain-containing protein 5)
148,GO:0006449,0.013108831,1,1,1,regulation of translational termination,BP,P,protein metabolism,PGEN_.00g203340,Q32L09,SHFL_BOVIN,Shiftless antiviral inhibitor of ribosomal frameshifting protein homolog (SHFL) (Repressor of yield of DENV protein homolog) (RyDEN)
149,GO:2001125,0.013108831,1,1,1,negative regulation of translational frameshifting,BP,P,protein metabolism,PGEN_.00g203340,Q32L09,SHFL_BOVIN,Shiftless antiviral inhibitor of ribosomal frameshifting protein homolog (SHFL) (Repressor of yield of DENV protein homolog) (RyDEN)
150,GO:0006419,0.025921049,0.999775482,1,3,alanyl-tRNA aminoacylation,BP,P,protein metabolism,PGEN_.00g183880,P21894,SYAC_BOMMO,"Alanine--tRNA ligase, cytoplasmic (EC 6.1.1.7) (Alanyl-tRNA synthetase) (AlaRS)"
151,GO:0006482,0.026909698,0.999757919,1,3,protein demethylation,BP,P,protein metabolism,PGEN_.00g131030,Q9NXW9,ALKB4_HUMAN,Alpha-ketoglutarate-dependent dioxygenase alkB homolog 4 (Alkylated DNA repair protein alkB homolog 4) (DNA N6-methyl adenine demethylase ALKBH4) (EC 1.14.11.51) (Lysine-specific demethylase ALKBH4) (EC 1.14.11.-)
152,GO:2000758,0.028036019,0.999802507,1,2,positive regulation of peptidyl-lysine acetylation,BP,P,protein metabolism,PGEN_.00g004840,P54646,AAPK2_HUMAN,5'-AMP-activated protein kinase catalytic subunit alpha-2 (AMPK subunit alpha-2) (EC 2.7.11.1) (Acetyl-CoA carboxylase kinase) (ACACA kinase) (EC 2.7.11.27) (Hydroxymethylglutaryl-CoA reductase kinase) (HMGCR kinase) (EC 2.7.11.31)
153,GO:0060394,0.031138517,0.999675227,1,3,negative regulation of pathway-restricted SMAD protein phosphorylation,BP,P,protein metabolism,PGEN_.00g051430,Q2HJF4,PBLD_BOVIN,Phenazine biosynthesis-like domain-containing protein (EC 5.1.-.-)
154,GO:0030207,0.032481713,0.999558798,1,6,chondroitin sulfate catabolic process,BP,P,protein metabolism,PGEN_.00g218470,O14594,NCAN_HUMAN,Neurocan core protein (Chondroitin sulfate proteoglycan 3)
155,GO:0030208,0.034471669,0.999522391,1,5,dermatan sulfate biosynthetic process,BP,P,protein metabolism,PGEN_.00g218470,O14594,NCAN_HUMAN,Neurocan core protein (Chondroitin sulfate proteoglycan 3)
156,GO:0033138,0.035702177,0.996786986,2,30,positive regulation of peptidyl-serine phosphorylation,BP,P,protein metabolism,PGEN_.00g204470; PGEN_.00g211830,P41221; P16056,WNT5A_HUMAN; MET_MOUSE,Protein Wnt-5a; Hepatocyte growth factor receptor (HGF receptor) (EC 2.7.10.1) (HGF/SF receptor) (Proto-oncogene c-Met) (Scatter factor receptor) (SF receptor) (Tyrosine-protein kinase Met)
157,GO:1900020,0.039289455,0.999416782,1,4,positive regulation of protein kinase C activity,BP,P,protein metabolism,PGEN_.00g204470,P41221,WNT5A_HUMAN,Protein Wnt-5a
158,GO:0000187,0.040357571,0.996100641,2,33,activation of MAPK activity,BP,P,protein metabolism,PGEN_.00g204470; PGEN_.00g211830,P41221; P16056,WNT5A_HUMAN; MET_MOUSE,Protein Wnt-5a; Hepatocyte growth factor receptor (HGF receptor) (EC 2.7.10.1) (HGF/SF receptor) (Proto-oncogene c-Met) (Scatter factor receptor) (SF receptor) (Tyrosine-protein kinase Met)
159,GO:0001868,0.044800473,0.99918983,1,5,"regulation of complement activation, lectin pathway",BP,P,protein metabolism,PGEN_.00g263790,Q9I926,FUCL6_ANGJA,Fucolectin-6
160,GO:0010801,0.047689637,0.999080858,1,5,negative regulation of peptidyl-threonine phosphorylation,BP,P,protein metabolism,PGEN_.00g211830,P16056,MET_MOUSE,Hepatocyte growth factor receptor (HGF receptor) (EC 2.7.10.1) (HGF/SF receptor) (Proto-oncogene c-Met) (Scatter factor receptor) (SF receptor) (Tyrosine-protein kinase Met)
161,GO:0016055,0.002762739,0.999601646,5,93,Wnt signaling pathway,BP,P,signal transduction,PGEN_.00g004840; PGEN_.00g043790; PGEN_.00g190430; PGEN_.00g204470; PGEN_.00g208580,P54646; P97346; O75096; P41221; Q3L254,AAPK2_HUMAN; NXN_MOUSE; LRP4_HUMAN; WNT5A_HUMAN; WNT7B_CHICK,5'-AMP-activated protein kinase catalytic subunit alpha-2 (AMPK subunit alpha-2) (EC 2.7.11.1) (Acetyl-CoA carboxylase kinase) (ACACA kinase) (EC 2.7.11.27) (Hydroxymethylglutaryl-CoA reductase kinase) (HMGCR kinase) (EC 2.7.11.31); Nucleoredoxin (EC 1.8.1.8) (Protein Red-1); Low-density lipoprotein receptor-related protein 4 (LRP-4) (Multiple epidermal growth factor-like domains 7); Protein Wnt-5a; Protein Wnt-7b
162,GO:0070495,0.007881992,1,1,1,negative regulation of thrombin-activated receptor signaling pathway,BP,P,signal transduction,PGEN_.00g211830,P16056,MET_MOUSE,Hepatocyte growth factor receptor (HGF receptor) (EC 2.7.10.1) (HGF/SF receptor) (Proto-oncogene c-Met) (Scatter factor receptor) (SF receptor) (Tyrosine-protein kinase Met)
163,GO:0045880,0.010750207,0.999511517,2,16,positive regulation of smoothened signaling pathway,BP,P,signal transduction,PGEN_.00g049510; PGEN_.00g165230,Q8TDM6; Q8IWY4,DLG5_HUMAN; SCUB1_HUMAN,"Disks large homolog 5 (Discs large protein P-dlg) (Placenta and prostate DLG); Signal peptide, CUB and EGF-like domain-containing protein 1"
164,GO:0038031,0.015124701,1,1,1,non-canonical Wnt signaling pathway via JNK cascade,BP,P,signal transduction,PGEN_.00g204470,P41221,WNT5A_HUMAN,Protein Wnt-5a
165,GO:0060775,0.015124701,1,1,1,planar cell polarity pathway involved in gastrula mediolateral intercalation,BP,P,signal transduction,PGEN_.00g204470,P41221,WNT5A_HUMAN,Protein Wnt-5a
166,GO:0061347,0.015124701,1,1,1,planar cell polarity pathway involved in outflow tract morphogenesis,BP,P,signal transduction,PGEN_.00g204470,P41221,WNT5A_HUMAN,Protein Wnt-5a
167,GO:0061350,0.015124701,1,1,1,planar cell polarity pathway involved in cardiac muscle tissue morphogenesis,BP,P,signal transduction,PGEN_.00g204470,P41221,WNT5A_HUMAN,Protein Wnt-5a
168,GO:0035330,0.020638154,0.999893387,1,2,regulation of hippo signaling,BP,P,signal transduction,PGEN_.00g166530,Q29RK9,MOB3B_BOVIN,MOB kinase activator 3B (Mob1 homolog 2b) (Mps one binder kinase activator-like 2B)
169,GO:2000052,0.026553123,0.999822981,1,2,positive regulation of non-canonical Wnt signaling pathway,BP,P,signal transduction,PGEN_.00g204470,P41221,WNT5A_HUMAN,Protein Wnt-5a
170,GO:0048012,0.031814301,0.999618826,1,4,hepatocyte growth factor receptor signaling pathway,BP,P,signal transduction,PGEN_.00g211830,P16056,MET_MOUSE,Hepatocyte growth factor receptor (HGF receptor) (EC 2.7.10.1) (HGF/SF receptor) (Proto-oncogene c-Met) (Scatter factor receptor) (SF receptor) (Tyrosine-protein kinase Met)
171,GO:0014722,0.032692113,0.999730815,1,2,regulation of skeletal muscle contraction by calcium ion signaling,BP,P,signal transduction,PGEN_.00g334400,O01761,UNC89_CAEEL,Muscle M-line assembly protein unc-89 (Obscurin) (Uncoordinated protein 89)
172,GO:0035567,0.033282447,0.99958257,1,4,non-canonical Wnt signaling pathway,BP,P,signal transduction,PGEN_.00g204470,P41221,WNT5A_HUMAN,Protein Wnt-5a
173,GO:0060070,0.034906017,0.996907904,2,28,canonical Wnt signaling pathway,BP,P,signal transduction,PGEN_.00g204470; PGEN_.00g208580,P41221; Q3L254,WNT5A_HUMAN; WNT7B_CHICK,Protein Wnt-5a; Protein Wnt-7b
174,GO:0040037,0.038817315,0.99936829,1,6,negative regulation of fibroblast growth factor receptor signaling pathway,BP,P,signal transduction,PGEN_.00g204470,P41221,WNT5A_HUMAN,Protein Wnt-5a
175,GO:0070886,0.039574475,0.999343205,1,6,positive regulation of calcineurin-NFAT signaling cascade,BP,P,signal transduction,PGEN_.00g277910,Q61165,SL9A1_MOUSE,Sodium/hydrogen exchanger 1 (Na(+)/H(+) exchanger 1) (NHE-1) (Solute carrier family 9 member 1)
176,GO:0007223,0.043651677,0.999278724,1,4,"Wnt signaling pathway, calcium modulating pathway",BP,P,signal transduction,PGEN_.00g204470,P41221,WNT5A_HUMAN,Protein Wnt-5a
177,GO:0034342,0.013108831,1,1,1,response to type III interferon,BP,P,stress response,PGEN_.00g203340,Q32L09,SHFL_BOVIN,Shiftless antiviral inhibitor of ribosomal frameshifting protein homolog (SHFL) (Repressor of yield of DENV protein homolog) (RyDEN)
178,GO:1900408,0.021890756,1,1,1,negative regulation of cellular response to oxidative stress,BP,P,stress response,PGEN_.00g312440,Q4V8B0,OXR1_RAT,Oxidation resistance protein 1 (Protein C7)
179,GO:0050727,0.029063289,0.997672087,2,27,regulation of inflammatory response,BP,P,stress response,PGEN_.00g204470; PGEN_.00g213360,P41221; Q14995,WNT5A_HUMAN; NR1D2_HUMAN,Protein Wnt-5a; Nuclear receptor subfamily 1 group D member 2 (Orphan nuclear hormone receptor BD73) (Rev-erb alpha-related receptor) (RVR) (Rev-erb-beta) (V-erbA-related protein 1-related) (EAR-1R)
180,GO:0014012,0.029656376,0.999669089,1,4,peripheral nervous system axon regeneration,BP,P,stress response,PGEN_.00g149640,Q80YX1,TENA_MOUSE,Tenascin (TN) (Hexabrachion) (Tenascin-C) (TN-C)
181,GO:0009414,0.030247325,0.999693676,1,3,response to water deprivation,BP,P,stress response,PGEN_.00g029240,Q86VZ4,LRP11_HUMAN,Low-density lipoprotein receptor-related protein 11 (LRP-11)
182,GO:0007596,0.032538598,0.997210251,2,31,blood coagulation,BP,P,stress response,PGEN_.00g165230; PGEN_.00g345410,Q8IWY4; Q29485,SCUB1_HUMAN; PLMN_ERIEU,"Signal peptide, CUB and EGF-like domain-containing protein 1; Plasminogen (EC 3.4.21.7) [Cleaved into: Plasmin heavy chain A; Activation peptide; Plasmin heavy chain A, short form; Plasmin light chain B]"
183,GO:0042060,0.039859404,0.996198605,2,29,wound healing,BP,P,stress response,PGEN_.00g149640; PGEN_.00g204470,Q80YX1; P41221,TENA_MOUSE; WNT5A_HUMAN,Tenascin (TN) (Hexabrachion) (Tenascin-C) (TN-C); Protein Wnt-5a
184,GO:0034341,0.042718784,0.999309503,1,4,response to interferon-gamma,BP,P,stress response,PGEN_.00g203340,Q32L09,SHFL_BOVIN,Shiftless antiviral inhibitor of ribosomal frameshifting protein homolog (SHFL) (Repressor of yield of DENV protein homolog) (RyDEN)
185,GO:0070417,0.044433877,0.999170376,1,6,cellular response to cold,BP,P,stress response,PGEN_.00g277910,Q61165,SL9A1_MOUSE,Sodium/hydrogen exchanger 1 (Na(+)/H(+) exchanger 1) (NHE-1) (Solute carrier family 9 member 1)
186,GO:0010185,0.044800473,0.99918983,1,5,regulation of cellular defense response,BP,P,stress response,PGEN_.00g263790,Q9I926,FUCL6_ANGJA,Fucolectin-6
187,GO:0009651,0.0469282,0.999256951,1,3,response to salt stress,BP,P,stress response,PGEN_.00g043300,Q07076,ANXA7_MOUSE,Annexin A7 (Annexin VII) (Annexin-7) (Synexin)
188,GO:0035794,0.021115489,0.999851339,1,3,positive regulation of mitochondrial membrane permeability,BP,P,transport,PGEN_.00g277910,Q61165,SL9A1_MOUSE,Sodium/hydrogen exchanger 1 (Na(+)/H(+) exchanger 1) (NHE-1) (Solute carrier family 9 member 1)
189,GO:0046827,0.023795917,0.999858036,1,2,positive regulation of protein export from nucleus,BP,P,transport,PGEN_.00g279870,P00522,ABL_DROME,Tyrosine-protein kinase Abl (EC 2.7.10.2) (D-ash) (Protein abelson)
190,GO:0060453,0.024333001,0.999851515,1,2,regulation of gastric acid secretion,BP,P,transport,PGEN_.00g065950,O73925,KCNQ1_SQUAC,Potassium voltage-gated channel subfamily KQT member 1 (IKs producing slow voltage-gated potassium channel subunit alpha KvLQT1) (KQT-like 1) (Voltage-gated potassium channel subunit Kv7.1)
191,GO:0086009,0.024333001,0.999851515,1,2,membrane repolarization,BP,P,transport,PGEN_.00g065950,O73925,KCNQ1_SQUAC,Potassium voltage-gated channel subfamily KQT member 1 (IKs producing slow voltage-gated potassium channel subunit alpha KvLQT1) (KQT-like 1) (Voltage-gated potassium channel subunit Kv7.1)
192,GO:0006853,0.029520799,0.999780866,1,2,carnitine shuttle,BP,P,transport,PGEN_.00g004840,P54646,AAPK2_HUMAN,5'-AMP-activated protein kinase catalytic subunit alpha-2 (AMPK subunit alpha-2) (EC 2.7.11.1) (Acetyl-CoA carboxylase kinase) (ACACA kinase) (EC 2.7.11.27) (Hydroxymethylglutaryl-CoA reductase kinase) (HMGCR kinase) (EC 2.7.11.31)
193,GO:0048278,0.035849819,0.999483144,1,5,vesicle docking,BP,P,transport,PGEN_.00g185010,Q8BVI5,STX16_MOUSE,Syntaxin-16
194,GO:0015811,0.042146201,0.999283778,1,5,L-cystine transport,BP,P,transport,PGEN_.00g186170,P82251,BAT1_HUMAN,"b(0,+)-type amino acid transporter 1 (b(0,+)AT1) (Glycoprotein-associated amino acid transporter b0,+AT1) (Solute carrier family 7 member 9)"
195,GO:0035815,0.046681693,0.999083481,1,6,positive regulation of renal sodium excretion,BP,P,transport,PGEN_.00g164020,P16066,ANPRA_HUMAN,Atrial natriuretic peptide receptor 1 (EC 4.6.1.2) (Atrial natriuretic peptide receptor type A) (ANP-A) (ANPR-A) (NPR-A) (Guanylate cyclase A) (GC-A)
196,GO:0098719,0.000874008,0.999992957,2,4,sodium ion import across plasma membrane,BP,NA,NA,PGEN_.00g252700; PGEN_.00g277910,Q9ESQ5; Q61165,TRPM4_RAT; SL9A1_MOUSE,Transient receptor potential cation channel subfamily M member 4 (Calcium-activated non-selective cation channel 1) (Long transient receptor potential channel 4) (LTrpC-4) (LTrpC4) (MLS2s) (Melastatin-like 2); Sodium/hydrogen exchanger 1 (Na(+)/H(+) exchanger 1) (NHE-1) (Solute carrier family 9 member 1)
197,GO:1903949,0.006673001,1,1,1,positive regulation of atrial cardiac muscle cell action potential,BP,NA,NA,PGEN_.00g252700,Q9ESQ5,TRPM4_RAT,Transient receptor potential cation channel subfamily M member 4 (Calcium-activated non-selective cation channel 1) (Long transient receptor potential channel 4) (LTrpC-4) (LTrpC4) (MLS2s) (Melastatin-like 2)
198,GO:1904199,0.006673001,1,1,1,positive regulation of regulation of vascular associated smooth muscle cell membrane depolarization,BP,NA,NA,PGEN_.00g252700,Q9ESQ5,TRPM4_RAT,Transient receptor potential cation channel subfamily M member 4 (Calcium-activated non-selective cation channel 1) (Long transient receptor potential channel 4) (LTrpC-4) (LTrpC4) (MLS2s) (Melastatin-like 2)
199,GO:0098911,0.009126003,0.999979276,1,2,regulation of ventricular cardiac muscle cell action potential,BP,NA,NA,PGEN_.00g252700,Q9ESQ5,TRPM4_RAT,Transient receptor potential cation channel subfamily M member 4 (Calcium-activated non-selective cation channel 1) (Long transient receptor potential channel 4) (LTrpC-4) (LTrpC4) (MLS2s) (Melastatin-like 2)
200,GO:1903281,0.011497797,1,1,1,positive regulation of calcium:sodium antiporter activity,BP,NA,NA,PGEN_.00g277910,Q61165,SL9A1_MOUSE,Sodium/hydrogen exchanger 1 (Na(+)/H(+) exchanger 1) (NHE-1) (Solute carrier family 9 member 1)
201,GO:1905344,0.011861261,1,1,1,prostaglandin catabolic process,BP,NA,NA,PGEN_.00g279730,Q5R6S0,ABHGA_PONAB,Phosphatidylserine lipase ABHD16A (EC 3.1.-.-) (Alpha/beta hydrolase domain-containing protein 16A) (Abhydrolase domain-containing protein 16A) (HLA-B-associated transcript 5 homolog) (Monoacylglycerol lipase ABHD16A) (EC 3.1.1.23)
202,GO:0075523,0.013108831,1,1,1,viral translational frameshifting,BP,NA,NA,PGEN_.00g203340,Q32L09,SHFL_BOVIN,Shiftless antiviral inhibitor of ribosomal frameshifting protein homolog (SHFL) (Repressor of yield of DENV protein homolog) (RyDEN)
203,GO:1905098,0.013323493,0.999955733,1,2,negative regulation of guanyl-nucleotide exchange factor activity,BP,NA,NA,PGEN_.00g211830,P16056,MET_MOUSE,Hepatocyte growth factor receptor (HGF receptor) (EC 2.7.10.1) (HGF/SF receptor) (Proto-oncogene c-Met) (Scatter factor receptor) (SF receptor) (Tyrosine-protein kinase Met)
204,GO:1905929,0.014289593,1,1,1,positive regulation of invadopodium disassembly,BP,NA,NA,PGEN_.00g013900,Q80TN7,NAV3_MOUSE,Neuron navigator 3 (Pore membrane and/or filament-interacting-like protein 1)
205,GO:0036517,0.015124701,1,1,1,chemoattraction of serotonergic neuron axon,BP,NA,NA,PGEN_.00g204470,P41221,WNT5A_HUMAN,Protein Wnt-5a
206,GO:0099068,0.015124701,1,1,1,postsynapse assembly,BP,NA,NA,PGEN_.00g204470,P41221,WNT5A_HUMAN,Protein Wnt-5a
207,GO:1904934,0.015124701,1,1,1,negative regulation of cell proliferation in midbrain,BP,NA,NA,PGEN_.00g204470,P41221,WNT5A_HUMAN,Protein Wnt-5a
208,GO:1904955,0.015124701,1,1,1,planar cell polarity pathway involved in midbrain dopaminergic neuron differentiation,BP,NA,NA,PGEN_.00g204470,P41221,WNT5A_HUMAN,Protein Wnt-5a
209,GO:0150012,0.017436224,0.999924027,1,2,positive regulation of neuron projection arborization,BP,NA,NA,PGEN_.00g204470,P41221,WNT5A_HUMAN,Protein Wnt-5a
210,GO:0098528,0.019543038,0.999904455,1,2,skeletal muscle fiber differentiation,BP,NA,NA,PGEN_.00g271680,Q5U504,KLH40_XENLA,Kelch-like protein 40 (Kelch repeat and BTB domain-containing protein 5)
211,GO:1902083,0.021890756,1,1,1,negative regulation of peptidyl-cysteine S-nitrosylation,BP,NA,NA,PGEN_.00g312440,Q4V8B0,OXR1_RAT,Oxidation resistance protein 1 (Protein C7)
212,GO:1904862,0.023331705,0.999863554,1,2,inhibitory synapse assembly,BP,NA,NA,PGEN_.00g204470,P41221,WNT5A_HUMAN,Protein Wnt-5a
213,GO:0098735,0.025131984,0.999841538,1,2,positive regulation of the force of heart contraction,BP,NA,NA,PGEN_.00g277910,Q61165,SL9A1_MOUSE,Sodium/hydrogen exchanger 1 (Na(+)/H(+) exchanger 1) (NHE-1) (Solute carrier family 9 member 1)
214,GO:1902474,0.027320525,0.999812527,1,2,positive regulation of protein localization to synapse,BP,NA,NA,PGEN_.00g204470,P41221,WNT5A_HUMAN,Protein Wnt-5a
215,GO:0036376,0.027459941,0.999747854,1,3,sodium ion export across plasma membrane,BP,NA,NA,PGEN_.00g277910,Q61165,SL9A1_MOUSE,Sodium/hydrogen exchanger 1 (Na(+)/H(+) exchanger 1) (NHE-1) (Solute carrier family 9 member 1)
216,GO:0062028,0.028036019,0.999802507,1,2,regulation of stress granule assembly,BP,NA,NA,PGEN_.00g004840,P54646,AAPK2_HUMAN,5'-AMP-activated protein kinase catalytic subunit alpha-2 (AMPK subunit alpha-2) (EC 2.7.11.1) (Acetyl-CoA carboxylase kinase) (ACACA kinase) (EC 2.7.11.27) (Hydroxymethylglutaryl-CoA reductase kinase) (HMGCR kinase) (EC 2.7.11.31)
217,GO:1904428,0.028036019,0.999802507,1,2,negative regulation of tubulin deacetylation,BP,NA,NA,PGEN_.00g004840,P54646,AAPK2_HUMAN,5'-AMP-activated protein kinase catalytic subunit alpha-2 (AMPK subunit alpha-2) (EC 2.7.11.1) (Acetyl-CoA carboxylase kinase) (ACACA kinase) (EC 2.7.11.27) (Hydroxymethylglutaryl-CoA reductase kinase) (HMGCR kinase) (EC 2.7.11.31)
218,GO:1902275,0.028678626,0.999690679,1,4,regulation of chromatin organization,BP,NA,NA,PGEN_.00g131030,Q9NXW9,ALKB4_HUMAN,Alpha-ketoglutarate-dependent dioxygenase alkB homolog 4 (Alkylated DNA repair protein alkB homolog 4) (DNA N6-methyl adenine demethylase ALKBH4) (EC 1.14.11.51) (Lysine-specific demethylase ALKBH4) (EC 1.14.11.-)
219,GO:1902307,0.029319667,0.9997123,1,3,positive regulation of sodium ion transmembrane transport,BP,NA,NA,PGEN_.00g057380,Q9ESD1,PRSS8_MOUSE,Prostasin (EC 3.4.21.-) (Channel-activating protease 1) (CAP1) (Serine protease 8) [Cleaved into: Prostasin light chain; Prostasin heavy chain]
220,GO:1902533,0.030123224,0.999696202,1,3,positive regulation of intracellular signal transduction,BP,NA,NA,PGEN_.00g277910,Q61165,SL9A1_MOUSE,Sodium/hydrogen exchanger 1 (Na(+)/H(+) exchanger 1) (NHE-1) (Solute carrier family 9 member 1)
221,GO:1905552,0.032692113,0.999730815,1,2,positive regulation of protein localization to endoplasmic reticulum,BP,NA,NA,PGEN_.00g334400,O01761,UNC89_CAEEL,Muscle M-line assembly protein unc-89 (Obscurin) (Uncoordinated protein 89)
222,GO:1905905,0.032692113,0.999730815,1,2,pharyngeal gland morphogenesis,BP,NA,NA,PGEN_.00g334400,O01761,UNC89_CAEEL,Muscle M-line assembly protein unc-89 (Obscurin) (Uncoordinated protein 89)
223,GO:0036518,0.0368913,0.999656476,1,2,chemorepulsion of dopaminergic neuron axon,BP,NA,NA,PGEN_.00g204470,P41221,WNT5A_HUMAN,Protein Wnt-5a
224,GO:1904753,0.038544784,0.999500661,1,3,negative regulation of vascular associated smooth muscle cell migration,BP,NA,NA,PGEN_.00g035760,Q13976,KGP1_HUMAN,cGMP-dependent protein kinase 1 (cGK 1) (cGK1) (EC 2.7.11.12) (cGMP-dependent protein kinase I) (cGKI)
225,GO:0110095,0.040068985,0.999326554,1,6,cellular detoxification of aldehyde,BP,NA,NA,PGEN_.00g223280,Q7Z9I2,YCP9_SCHPO,Uncharacterized oxidoreductase C663.09c (EC 1.-.-.-)
226,GO:0099566,0.041519634,0.999419813,1,3,regulation of postsynaptic cytosolic calcium ion concentration,BP,NA,NA,PGEN_.00g204470,P41221,WNT5A_HUMAN,Protein Wnt-5a
227,GO:0062009,0.044428286,0.999252579,1,4,secondary palate development,BP,NA,NA,PGEN_.00g204470,P41221,WNT5A_HUMAN,Protein Wnt-5a
228,GO:1904861,0.047104526,0.999158844,1,4,excitatory synapse assembly,BP,NA,NA,PGEN_.00g204470,P41221,WNT5A_HUMAN,Protein Wnt-5a
229,GO:1901631,0.049973758,0.99898974,1,5,positive regulation of presynaptic membrane organization,BP,NA,NA,PGEN_.00g190430,O75096,LRP4_HUMAN,Low-density lipoprotein receptor-related protein 4 (LRP-4) (Multiple epidermal growth factor-like domains 7)
230,GO:1904395,0.049973758,0.99898974,1,5,positive regulation of skeletal muscle acetylcholine-gated channel clustering,BP,NA,NA,PGEN_.00g190430,O75096,LRP4_HUMAN,Low-density lipoprotein receptor-related protein 4 (LRP-4) (Multiple epidermal growth factor-like domains 7)
231,GO:0034451,0.039282681,0.996241522,2,37,centriolar satellite,CC,C,cytoskeleton,PGEN_.00g082390; PGEN_.00g130160,Q8BR93; Q8BR93,HARB1_MOUSE; HARB1_MOUSE,Putative nuclease HARBI1 (EC 3.1.-.-) (Harbinger transposase-derived nuclease); Putative nuclease HARBI1 (EC 3.1.-.-) (Harbinger transposase-derived nuclease)
232,GO:0005796,0.002800552,0.999827547,3,27,Golgi lumen,CC,C,ER/Golgi,PGEN_.00g069450; PGEN_.00g204470; PGEN_.00g218470,Q7Z5P9; P41221; O14594,MUC19_HUMAN; WNT5A_HUMAN; NCAN_HUMAN,Mucin-19 (MUC-19); Protein Wnt-5a; Neurocan core protein (Chondroitin sulfate proteoglycan 3)
233,GO:0005614,0.030205231,0.999770507,1,2,interstitial matrix,CC,C,extracellular matrix,PGEN_.00g149640,Q80YX1,TENA_MOUSE,Tenascin (TN) (Hexabrachion) (Tenascin-C) (TN-C)
234,GO:0005615,0.031439409,0.987685314,9,478,extracellular space,CC,C,non-structural extracellular,PGEN_.00g057380; PGEN_.00g149640; PGEN_.00g165230; PGEN_.00g198010; PGEN_.00g204470; PGEN_.00g208580; PGEN_.00g211830; PGEN_.00g263790; PGEN_.00g283380,Q9ESD1; Q80YX1; Q8IWY4; P05099; P41221; Q3L254; P16056; Q9I926; Q9XTQ6,PRSS8_MOUSE; TENA_MOUSE; SCUB1_HUMAN; MATN1_CHICK; WNT5A_HUMAN; WNT7B_CHICK; MET_MOUSE; FUCL6_ANGJA; TBH1_CAEEL,"Prostasin (EC 3.4.21.-) (Channel-activating protease 1) (CAP1) (Serine protease 8) [Cleaved into: Prostasin light chain; Prostasin heavy chain]; Tenascin (TN) (Hexabrachion) (Tenascin-C) (TN-C); Signal peptide, CUB and EGF-like domain-containing protein 1; Cartilage matrix protein (Matrilin-1); Protein Wnt-5a; Protein Wnt-7b; Hepatocyte growth factor receptor (HGF receptor) (EC 2.7.10.1) (HGF/SF receptor) (Proto-oncogene c-Met) (Scatter factor receptor) (SF receptor) (Tyrosine-protein kinase Met); Fucolectin-6; Tyramine beta-hydroxylase (EC 1.14.17.-)"
235,GO:0005643,0.039996309,0.996149285,2,34,nuclear pore,CC,C,nucleus,PGEN_.00g259110; PGEN_.00g326070,Q99666; Q5U249,RGPD5_HUMAN; ELYS_XENLA,RANBP2-like and GRIP domain-containing protein 5/6 (Ran-binding protein 2-like 1/2) (RanBP2-like 1/2) (RanBP2L1) (RanBP2L2) (Sperm membrane protein BS-63); Protein ELYS (Protein MEL-28) (xELYS)
236,GO:0005737,0.002297315,0.998869588,33,2258,cytoplasm,CC,C,other cellular component,PGEN_.00g004840; PGEN_.00g014370; PGEN_.00g024960; PGEN_.00g035760; PGEN_.00g049510; PGEN_.00g051430; PGEN_.00g065700; PGEN_.00g065950; PGEN_.00g070630; PGEN_.00g076180; PGEN_.00g110260; PGEN_.00g131030; PGEN_.00g175550; PGEN_.00g183880; PGEN_.00g185010; PGEN_.00g203340; PGEN_.00g203450; PGEN_.00g211830; PGEN_.00g213360; PGEN_.00g216290; PGEN_.00g227520; PGEN_.00g245920; PGEN_.00g259110; PGEN_.00g270640; PGEN_.00g271680; PGEN_.00g277910; PGEN_.00g279870; PGEN_.00g283380; PGEN_.00g289090; PGEN_.00g305680; PGEN_.00g312690; PGEN_.00g316170; PGEN_.00g326070,P54646; Q11002; Q6BK42; Q13976; Q8TDM6; Q2HJF4; P80174; O73925; Q2TBS9; Q8JHV9; Q39565; Q9NXW9; Q2TAD9; P21894; Q8BVI5; Q32L09; Q9BV99; P16056; Q14995; Q5XPI4; Q17LW0; Q99973; Q99666; Q2KID4; Q5U504; Q61165; P00522; Q9XTQ6; E9Q5G3; O88873; Q6AZB8; Q5ZIJ9; Q5U249,AAPK2_HUMAN; CANA_DROME; DDI1_DEBHA; KGP1_HUMAN; DLG5_HUMAN; PBLD_BOVIN; SODC_CARCR; KCNQ1_SQUAC; SMU1_BOVIN; BIR7A_XENLA; DYHB_CHLRE; ALKB4_HUMAN; CYR1B_XENLA; SYAC_BOMMO; STX16_MOUSE; SHFL_BOVIN; LRC61_HUMAN; MET_MOUSE; NR1D2_HUMAN; RN123_HUMAN; MYO7A_AEDAE; TEP1_HUMAN; RGPD5_HUMAN; DNAL1_BOVIN; KLH40_XENLA; SL9A1_MOUSE; ABL_DROME; TBH1_CAEEL; KIF23_MOUSE; GMEB2_RAT; HARB1_DANRE; MIB2_CHICK; ELYS_XENLA,"5'-AMP-activated protein kinase catalytic subunit alpha-2 (AMPK subunit alpha-2) (EC 2.7.11.1) (Acetyl-CoA carboxylase kinase) (ACACA kinase) (EC 2.7.11.27) (Hydroxymethylglutaryl-CoA reductase kinase) (HMGCR kinase) (EC 2.7.11.31); Calpain-A (EC 3.4.22.-) (Calcium-activated neutral proteinase A) (CANP A) [Cleaved into: Calpain-A catalytic subunit]; DNA damage-inducible protein 1 (EC 3.4.23.-); cGMP-dependent protein kinase 1 (cGK 1) (cGK1) (EC 2.7.11.12) (cGMP-dependent protein kinase I) (cGKI); Disks large homolog 5 (Discs large protein P-dlg) (Placenta and prostate DLG); Phenazine biosynthesis-like domain-containing protein (EC 5.1.-.-); Superoxide dismutase [Cu-Zn] (EC 1.15.1.1); Potassium voltage-gated channel subfamily KQT member 1 (IKs producing slow voltage-gated potassium channel subunit alpha KvLQT1) (KQT-like 1) (Voltage-gated potassium channel subunit Kv7.1); WD40 repeat-containing protein SMU1 (Smu-1 suppressor of mec-8 and unc-52 protein homolog) [Cleaved into: WD40 repeat-containing protein SMU1, N-terminally processed]; Baculoviral IAP repeat-containing protein 7-A (EC 2.3.2.27) (E3 ubiquitin-protein ligase EIAP-A) (Embryonic/Egg IAP) (xEIAP/XLX) (Inhibitor of apoptosis-like protein) (IAP-like protein) (RING-type E3 ubiquitin transferase EIAP-A) (XIAP homolog XLX) (XLX); Dynein beta chain, flagellar outer arm; Alpha-ketoglutarate-dependent dioxygenase alkB homolog 4 (Alkylated DNA repair protein alkB homolog 4) (DNA N6-methyl adenine demethylase ALKBH4) (EC 1.14.11.51) (Lysine-specific demethylase ALKBH4) (EC 1.14.11.-); Cysteine and histidine-rich protein 1-B; Alanine--tRNA ligase, cytoplasmic (EC 6.1.1.7) (Alanyl-tRNA synthetase) (AlaRS); Syntaxin-16; Shiftless antiviral inhibitor of ribosomal frameshifting protein homolog (SHFL) (Repressor of yield of DENV protein homolog) (RyDEN); Leucine-rich repeat-containing protein 61; Hepatocyte growth factor receptor (HGF receptor) (EC 2.7.10.1) (HGF/SF receptor) (Proto-oncogene c-Met) (Scatter factor receptor) (SF receptor) (Tyrosine-protein kinase Met); Nuclear receptor subfamily 1 group D member 2 (Orphan nuclear hormone receptor BD73) (Rev-erb alpha-related receptor) (RVR) (Rev-erb-beta) (V-erbA-related protein 1-related) (EAR-1R); E3 ubiquitin-protein ligase RNF123 (EC 2.3.2.27) (Kip1 ubiquitination-promoting complex protein 1) (RING finger protein 123) (RING-type E3 ubiquitin transferase RNF123); Myosin-VIIa (Protein crinkled); Telomerase protein component 1 (Telomerase-associated protein 1) (Telomerase protein 1) (p240) (p80 telomerase homolog); RANBP2-like and GRIP domain-containing protein 5/6 (Ran-binding protein 2-like 1/2) (RanBP2-like 1/2) (RanBP2L1) (RanBP2L2) (Sperm membrane protein BS-63); Dynein light chain 1, axonemal; Kelch-like protein 40 (Kelch repeat and BTB domain-containing protein 5); Sodium/hydrogen exchanger 1 (Na(+)/H(+) exchanger 1) (NHE-1) (Solute carrier family 9 member 1); Tyrosine-protein kinase Abl (EC 2.7.10.2) (D-ash) (Protein abelson); Tyramine beta-hydroxylase (EC 1.14.17.-); Kinesin-like protein KIF23; Glucocorticoid modulatory element-binding protein 2 (GMEB-2); Putative nuclease HARBI1 (EC 3.1.-.-) (Harbinger transposase-derived nuclease); E3 ubiquitin-protein ligase MIB2 (EC 2.3.2.27) (Mind bomb homolog 2) (RING-type E3 ubiquitin transferase MIB2); Protein ELYS (Protein MEL-28) (xELYS)"
237,GO:0031012,0.00750854,0.998617295,5,133,extracellular matrix,CC,C,other cellular component,PGEN_.00g149640; PGEN_.00g193010; PGEN_.00g198010; PGEN_.00g204470; PGEN_.00g218470,Q80YX1; Q3UTY6; P05099; P41221; O14594,TENA_MOUSE; THSD4_MOUSE; MATN1_CHICK; WNT5A_HUMAN; NCAN_HUMAN,Tenascin (TN) (Hexabrachion) (Tenascin-C) (TN-C); Thrombospondin type-1 domain-containing protein 4 (A disintegrin and metalloproteinase with thrombospondin motifs-like protein 6) (ADAMTS-like protein 6) (ADAMTSL-6) (ADAMTS-like protein 4) (ADAMTSL-4); Cartilage matrix protein (Matrilin-1); Protein Wnt-5a; Neurocan core protein (Chondroitin sulfate proteoglycan 3)
238,GO:0031463,0.009144319,0.999602709,2,26,Cul3-RING ubiquitin ligase complex,CC,C,other cellular component,PGEN_.00g015010; PGEN_.00g271680,Q80TF4; Q5U504,KLH13_MOUSE; KLH40_XENLA,Kelch-like protein 13 (BTB and kelch domain-containing protein 2); Kelch-like protein 40 (Kelch repeat and BTB domain-containing protein 5)
239,GO:0031672,0.010405371,0.99955171,2,12,A band,CC,C,other cellular component,PGEN_.00g271680; PGEN_.00g334400,Q5U504; O01761,KLH40_XENLA; UNC89_CAEEL,Kelch-like protein 40 (Kelch repeat and BTB domain-containing protein 5); Muscle M-line assembly protein unc-89 (Obscurin) (Uncoordinated protein 89)
240,GO:0070938,0.016439235,0.999910085,1,3,contractile ring,CC,C,other cellular component,PGEN_.00g131030,Q9NXW9,ALKB4_HUMAN,Alpha-ketoglutarate-dependent dioxygenase alkB homolog 4 (Alkylated DNA repair protein alkB homolog 4) (DNA N6-methyl adenine demethylase ALKBH4) (EC 1.14.11.51) (Lysine-specific demethylase ALKBH4) (EC 1.14.11.-)
241,GO:0030496,0.039949544,0.993112593,3,80,midbody,CC,C,other cellular component,PGEN_.00g015010; PGEN_.00g131030; PGEN_.00g289090,Q80TF4; Q9NXW9; E9Q5G3,KLH13_MOUSE; ALKB4_HUMAN; KIF23_MOUSE,Kelch-like protein 13 (BTB and kelch domain-containing protein 2); Alpha-ketoglutarate-dependent dioxygenase alkB homolog 4 (Alkylated DNA repair protein alkB homolog 4) (DNA N6-methyl adenine demethylase ALKBH4) (EC 1.14.11.51) (Lysine-specific demethylase ALKBH4) (EC 1.14.11.-); Kinesin-like protein KIF23
242,GO:0030124,0.016823229,0.999929297,1,2,AP-4 adaptor complex,CC,C,other membranes,PGEN_.00g031500,Q9WVL1,AP4S1_MOUSE,AP-4 complex subunit sigma-1 (AP-4 adaptor complex subunit sigma-1) (Adaptor-related protein complex 4 subunit sigma-1) (Sigma-1 subunit of AP-4) (Sigma-4-adaptin) (Sigma4-adaptin)
243,GO:0044214,0.019781525,0.999853391,1,4,spanning component of plasma membrane,CC,C,other membranes,PGEN_.00g252700,Q9ESQ5,TRPM4_RAT,Transient receptor potential cation channel subfamily M member 4 (Calcium-activated non-selective cation channel 1) (Long transient receptor potential channel 4) (LTrpC-4) (LTrpC4) (MLS2s) (Melastatin-like 2)
244,GO:0034702,0.024333001,0.999851515,1,2,ion channel complex,CC,C,other membranes,PGEN_.00g065950,O73925,KCNQ1_SQUAC,Potassium voltage-gated channel subfamily KQT member 1 (IKs producing slow voltage-gated potassium channel subunit alpha KvLQT1) (KQT-like 1) (Voltage-gated potassium channel subunit Kv7.1)
245,GO:0030669,0.027293768,0.999812897,1,2,clathrin-coated endocytic vesicle membrane,CC,C,other membranes,PGEN_.00g204470,P41221,WNT5A_HUMAN,Protein Wnt-5a
246,GO:0017059,0.038257026,0.999447277,1,4,serine C-palmitoyltransferase complex,CC,C,other membranes,PGEN_.00g171780,P97363,SPTC2_MOUSE,Serine palmitoyltransferase 2 (EC 2.3.1.50) (Long chain base biosynthesis protein 2) (LCB 2) (Long chain base biosynthesis protein 2a) (LCB2a) (Serine-palmitoyl-CoA transferase 2) (SPT 2)
247,GO:0019897,0.000312676,0.999991544,3,16,extrinsic component of plasma membrane,CC,C,plasma membrane,PGEN_.00g057380; PGEN_.00g165230; PGEN_.00g279870,Q9ESD1; Q8IWY4; P00522,PRSS8_MOUSE; SCUB1_HUMAN; ABL_DROME,"Prostasin (EC 3.4.21.-) (Channel-activating protease 1) (CAP1) (Serine protease 8) [Cleaved into: Prostasin light chain; Prostasin heavy chain]; Signal peptide, CUB and EGF-like domain-containing protein 1; Tyrosine-protein kinase Abl (EC 2.7.10.2) (D-ash) (Protein abelson)"
248,GO:0005927,0.038728595,0.999495844,1,3,muscle tendon junction,CC,C,plasma membrane,PGEN_.00g279870,P00522,ABL_DROME,Tyrosine-protein kinase Abl (EC 2.7.10.2) (D-ash) (Protein abelson)
249,GO:0090533,0.011497797,1,1,1,cation-transporting ATPase complex,CC,NA,NA,PGEN_.00g277910,Q61165,SL9A1_MOUSE,Sodium/hydrogen exchanger 1 (Na(+)/H(+) exchanger 1) (NHE-1) (Solute carrier family 9 member 1)
250,GO:0098966,0.021133802,0.99985108,1,3,perisynaptic extracellular matrix,CC,NA,NA,PGEN_.00g149640,Q80YX1,TENA_MOUSE,Tenascin (TN) (Hexabrachion) (Tenascin-C) (TN-C)
251,GO:0089717,0.037005574,0.999397934,1,8,spanning component of membrane,CC,NA,NA,PGEN_.00g252700,Q9ESQ5,TRPM4_RAT,Transient receptor potential cation channel subfamily M member 4 (Calcium-activated non-selective cation channel 1) (Long transient receptor potential channel 4) (LTrpC-4) (LTrpC4) (MLS2s) (Melastatin-like 2)
252,GO:0062023,0.045737161,0.988836026,4,146,collagen-containing extracellular matrix,CC,NA,NA,PGEN_.00g043300; PGEN_.00g124830; PGEN_.00g149640; PGEN_.00g198010,Q07076; D3YXG0; Q80YX1; P05099,ANXA7_MOUSE; HMCN1_MOUSE; TENA_MOUSE; MATN1_CHICK,Annexin A7 (Annexin VII) (Annexin-7) (Synexin); Hemicentin-1 (Fibulin-6) (FIBL-6); Tenascin (TN) (Hexabrachion) (Tenascin-C) (TN-C); Cartilage matrix protein (Matrilin-1)
253,GO:0032027,0.014854459,1,1,1,myosin light chain binding,MF,F,cytoskeletal activity,PGEN_.00g227520,Q17LW0,MYO7A_AEDAE,Myosin-VIIa (Protein crinkled)
254,GO:0003774,0.02126775,0.998576922,2,22,motor activity,MF,F,cytoskeletal activity,PGEN_.00g227520; PGEN_.00g270640,Q17LW0; Q2KID4,MYO7A_AEDAE; DNAL1_BOVIN,"Myosin-VIIa (Protein crinkled); Dynein light chain 1, axonemal"
255,GO:0004672,0.00580627,0.998997551,5,116,protein kinase activity,MF,F,kinase activity,PGEN_.00g004840; PGEN_.00g035760; PGEN_.00g164020; PGEN_.00g211830; PGEN_.00g334400,P54646; Q13976; P16066; P16056; O01761,AAPK2_HUMAN; KGP1_HUMAN; ANPRA_HUMAN; MET_MOUSE; UNC89_CAEEL,5'-AMP-activated protein kinase catalytic subunit alpha-2 (AMPK subunit alpha-2) (EC 2.7.11.1) (Acetyl-CoA carboxylase kinase) (ACACA kinase) (EC 2.7.11.27) (Hydroxymethylglutaryl-CoA reductase kinase) (HMGCR kinase) (EC 2.7.11.31); cGMP-dependent protein kinase 1 (cGK 1) (cGK1) (EC 2.7.11.12) (cGMP-dependent protein kinase I) (cGKI); Atrial natriuretic peptide receptor 1 (EC 4.6.1.2) (Atrial natriuretic peptide receptor type A) (ANP-A) (ANPR-A) (NPR-A) (Guanylate cyclase A) (GC-A); Hepatocyte growth factor receptor (HGF receptor) (EC 2.7.10.1) (HGF/SF receptor) (Proto-oncogene c-Met) (Scatter factor receptor) (SF receptor) (Tyrosine-protein kinase Met); Muscle M-line assembly protein unc-89 (Obscurin) (Uncoordinated protein 89)
256,GO:0005008,0.007881992,1,1,1,hepatocyte growth factor-activated receptor activity,MF,F,kinase activity,PGEN_.00g211830,P16056,MET_MOUSE,Hepatocyte growth factor receptor (HGF receptor) (EC 2.7.10.1) (HGF/SF receptor) (Proto-oncogene c-Met) (Scatter factor receptor) (SF receptor) (Tyrosine-protein kinase Met)
257,GO:0035174,0.038745037,0.999495412,1,3,histone serine kinase activity,MF,F,kinase activity,PGEN_.00g004840,P54646,AAPK2_HUMAN,5'-AMP-activated protein kinase catalytic subunit alpha-2 (AMPK subunit alpha-2) (EC 2.7.11.1) (Acetyl-CoA carboxylase kinase) (ACACA kinase) (EC 2.7.11.27) (Hydroxymethylglutaryl-CoA reductase kinase) (HMGCR kinase) (EC 2.7.11.31)
258,GO:0047322,0.038745037,0.999495412,1,3,[hydroxymethylglutaryl-CoA reductase (NADPH)] kinase activity,MF,F,kinase activity,PGEN_.00g004840,P54646,AAPK2_HUMAN,5'-AMP-activated protein kinase catalytic subunit alpha-2 (AMPK subunit alpha-2) (EC 2.7.11.1) (Acetyl-CoA carboxylase kinase) (ACACA kinase) (EC 2.7.11.27) (Hydroxymethylglutaryl-CoA reductase kinase) (HMGCR kinase) (EC 2.7.11.31)
259,GO:0050405,0.038745037,0.999495412,1,3,[acetyl-CoA carboxylase] kinase activity,MF,F,kinase activity,PGEN_.00g004840,P54646,AAPK2_HUMAN,5'-AMP-activated protein kinase catalytic subunit alpha-2 (AMPK subunit alpha-2) (EC 2.7.11.1) (Acetyl-CoA carboxylase kinase) (ACACA kinase) (EC 2.7.11.27) (Hydroxymethylglutaryl-CoA reductase kinase) (HMGCR kinase) (EC 2.7.11.31)
260,GO:0000978,0.01768076,0.995966079,5,161,RNA polymerase II cis-regulatory region sequence-specific DNA binding,MF,F,nucleic acid binding activity,PGEN_.00g001170; PGEN_.00g055620; PGEN_.00g167410; PGEN_.00g213360; PGEN_.00g305680,Q66HA5; Q5R452; Q9Y2V3; Q14995; O88873,C2D1A_RAT; SAFB1_PONAB; RX_HUMAN; NR1D2_HUMAN; GMEB2_RAT,Coiled-coil and C2 domain-containing protein 1A (Five prime repressor element under dual repression-binding protein 1) (FRE under dual repression-binding protein 1) (Freud-1); Scaffold attachment factor B1 (SAF-B1); Retinal homeobox protein Rx (Retina and anterior neural fold homeobox protein); Nuclear receptor subfamily 1 group D member 2 (Orphan nuclear hormone receptor BD73) (Rev-erb alpha-related receptor) (RVR) (Rev-erb-beta) (V-erbA-related protein 1-related) (EAR-1R); Glucocorticoid modulatory element-binding protein 2 (GMEB-2)
261,GO:0004518,0.000656552,0.999975285,3,33,nuclease activity,MF,F,other molecular function,PGEN_.00g082390; PGEN_.00g130160; PGEN_.00g312690,Q8BR93; Q8BR93; Q6AZB8,HARB1_MOUSE; HARB1_MOUSE; HARB1_DANRE,Putative nuclease HARBI1 (EC 3.1.-.-) (Harbinger transposase-derived nuclease); Putative nuclease HARBI1 (EC 3.1.-.-) (Harbinger transposase-derived nuclease); Putative nuclease HARBI1 (EC 3.1.-.-) (Harbinger transposase-derived nuclease)
262,GO:0016491,0.000782965,0.999915065,5,98,oxidoreductase activity,MF,F,other molecular function,PGEN_.00g009320; PGEN_.00g131030; PGEN_.00g213500; PGEN_.00g223280; PGEN_.00g312440,Q6INU7; Q9NXW9; P9WQE8; Q7Z9I2; Q4V8B0,FRRS1_XENLA; ALKB4_HUMAN; PHAS_MYCTO; YCP9_SCHPO; OXR1_RAT,Putative ferric-chelate reductase 1 (EC 1.-.-.-); Alpha-ketoglutarate-dependent dioxygenase alkB homolog 4 (Alkylated DNA repair protein alkB homolog 4) (DNA N6-methyl adenine demethylase ALKBH4) (EC 1.14.11.51) (Lysine-specific demethylase ALKBH4) (EC 1.14.11.-); Phthioceranic/hydroxyphthioceranic acid synthase (EC 2.3.1.-) (Polyketide synthase pks2); Uncharacterized oxidoreductase C663.09c (EC 1.-.-.-); Oxidation resistance protein 1 (Protein C7)
263,GO:0050694,0.001313101,0.999981061,2,10,galactose 3-O-sulfotransferase activity,MF,F,other molecular function,PGEN_.00g129780; PGEN_.00g134400,P61315; P61315,G3ST3_MOUSE; G3ST3_MOUSE,"Galactose-3-O-sulfotransferase 3 (Gal3ST-3) (EC 2.8.2.-) (Beta-galactose-3-O-sulfotransferase 3) (Gal-beta-1, 3-GalNAc 3'-sulfotransferase 3); Galactose-3-O-sulfotransferase 3 (Gal3ST-3) (EC 2.8.2.-) (Beta-galactose-3-O-sulfotransferase 3) (Gal-beta-1, 3-GalNAc 3'-sulfotransferase 3)"
264,GO:0001733,0.002535327,0.999946649,2,13,galactosylceramide sulfotransferase activity,MF,F,other molecular function,PGEN_.00g129780; PGEN_.00g134400,P61315; P61315,G3ST3_MOUSE; G3ST3_MOUSE,"Galactose-3-O-sulfotransferase 3 (Gal3ST-3) (EC 2.8.2.-) (Beta-galactose-3-O-sulfotransferase 3) (Gal-beta-1, 3-GalNAc 3'-sulfotransferase 3); Galactose-3-O-sulfotransferase 3 (Gal3ST-3) (EC 2.8.2.-) (Beta-galactose-3-O-sulfotransferase 3) (Gal-beta-1, 3-GalNAc 3'-sulfotransferase 3)"
265,GO:0050358,0.005141237,1,1,1,tropinone reductase activity,MF,F,other molecular function,PGEN_.00g279140,P50164,TRN2_HYONI,Tropinone reductase 2 (EC 1.1.1.236) (Tropinone reductase II) (TR-II)
266,GO:0005509,0.006492441,0.997559278,13,574,calcium ion binding,MF,F,other molecular function,PGEN_.00g014370; PGEN_.00g043300; PGEN_.00g060650; PGEN_.00g065280; PGEN_.00g075700; PGEN_.00g116710; PGEN_.00g124830; PGEN_.00g165230; PGEN_.00g190430; PGEN_.00g198010; PGEN_.00g218470; PGEN_.00g252700; PGEN_.00g263790,Q11002; Q07076; Q5THR3; Q8BUG5; B3EWY9; B3EWY9; D3YXG0; Q8IWY4; O75096; P05099; O14594; Q9ESQ5; Q9I926,CANA_DROME; ANXA7_MOUSE; EFCB6_HUMAN; CAYP2_MOUSE; MLP_ACRMI; MLP_ACRMI; HMCN1_MOUSE; SCUB1_HUMAN; LRP4_HUMAN; MATN1_CHICK; NCAN_HUMAN; TRPM4_RAT; FUCL6_ANGJA,"Calpain-A (EC 3.4.22.-) (Calcium-activated neutral proteinase A) (CANP A) [Cleaved into: Calpain-A catalytic subunit]; Annexin A7 (Annexin VII) (Annexin-7) (Synexin); EF-hand calcium-binding domain-containing protein 6 (CAP-binding protein complex-interacting protein 1) (DJ-1-binding protein) (DJBP); Calcyphosin-2 (Calcyphosine-2); Mucin-like protein (Fragment); Mucin-like protein (Fragment); Hemicentin-1 (Fibulin-6) (FIBL-6); Signal peptide, CUB and EGF-like domain-containing protein 1; Low-density lipoprotein receptor-related protein 4 (LRP-4) (Multiple epidermal growth factor-like domains 7); Cartilage matrix protein (Matrilin-1); Neurocan core protein (Chondroitin sulfate proteoglycan 3); Transient receptor potential cation channel subfamily M member 4 (Calcium-activated non-selective cation channel 1) (Long transient receptor potential channel 4) (LTrpC-4) (LTrpC4) (MLS2s) (Melastatin-like 2); Fucolectin-6"
267,GO:0005502,0.008815286,0.999980666,1,2,11-cis retinal binding,MF,F,other molecular function,PGEN_.00g072260,Q5XXP2,OPN4_PHOSU,Melanopsin (Opsin-4)
268,GO:0004803,0.009971285,0.999967016,1,3,transposase activity,MF,F,other molecular function,PGEN_.00g304970,D2GZW6,VRTN_AILME,Vertnin
269,GO:0035516,0.010898565,0.999970417,1,2,oxidative DNA demethylase activity,MF,F,other molecular function,PGEN_.00g131030,Q9NXW9,ALKB4_HUMAN,Alpha-ketoglutarate-dependent dioxygenase alkB homolog 4 (Alkylated DNA repair protein alkB homolog 4) (DNA N6-methyl adenine demethylase ALKBH4) (EC 1.14.11.51) (Lysine-specific demethylase ALKBH4) (EC 1.14.11.-)
270,GO:0016297,0.011652016,1,1,1,acyl-[acyl-carrier-protein] hydrolase activity,MF,F,other molecular function,PGEN_.00g101840,Q8R197,SAST_MOUSE,"S-acyl fatty acid synthase thioesterase, medium chain (EC 3.1.2.14) (Oleoyl-ACP hydrolase) (Thioesterase II) (Thioesterase domain-containing protein 1)"
271,GO:0047381,0.011652016,1,1,1,dodecanoyl-[acyl-carrier-protein] hydrolase activity,MF,F,other molecular function,PGEN_.00g101840,Q8R197,SAST_MOUSE,"S-acyl fatty acid synthase thioesterase, medium chain (EC 3.1.2.14) (Oleoyl-ACP hydrolase) (Thioesterase II) (Thioesterase domain-containing protein 1)"
272,GO:0004411,0.012034162,1,1,1,"homogentisate 1,2-dioxygenase activity",MF,F,other molecular function,PGEN_.00g060400,Q93099,HGD_HUMAN,"Homogentisate 1,2-dioxygenase (EC 1.13.11.5) (Homogentisate oxygenase) (Homogentisic acid oxidase) (Homogentisicase)"
273,GO:0008425,0.013851136,0.999952144,1,2,"2-polyprenyl-6-methoxy-1,4-benzoquinone methyltransferase activity",MF,F,other molecular function,PGEN_.00g108510,B0KTX4,UBIG_PSEPG,Ubiquinone biosynthesis O-methyltransferase (2-polyprenyl-6-hydroxyphenol methylase) (EC 2.1.1.222) (3-demethylubiquinone 3-O-methyltransferase) (EC 2.1.1.64)
274,GO:0008689,0.013851136,0.999952144,1,2,3-demethylubiquinone-9 3-O-methyltransferase activity,MF,F,other molecular function,PGEN_.00g108510,B0KTX4,UBIG_PSEPG,Ubiquinone biosynthesis O-methyltransferase (2-polyprenyl-6-hydroxyphenol methylase) (EC 2.1.1.222) (3-demethylubiquinone 3-O-methyltransferase) (EC 2.1.1.64)
275,GO:0004791,0.016220867,0.999934289,1,2,thioredoxin-disulfide reductase activity,MF,F,other molecular function,PGEN_.00g043790,P97346,NXN_MOUSE,Nucleoredoxin (EC 1.8.1.8) (Protein Red-1)
276,GO:0004842,0.022960678,0.994393143,5,178,ubiquitin-protein transferase activity,MF,F,other molecular function,PGEN_.00g015010; PGEN_.00g033560; PGEN_.00g216290; PGEN_.00g308500; PGEN_.00g316170,Q80TF4; Q922B6; Q5XPI4; Q15386; Q5ZIJ9,KLH13_MOUSE; TRAF7_MOUSE; RN123_HUMAN; UBE3C_HUMAN; MIB2_CHICK,Kelch-like protein 13 (BTB and kelch domain-containing protein 2); E3 ubiquitin-protein ligase TRAF7 (EC 2.3.2.27) (RING-type E3 ubiquitin transferase TRAF7) (TNF receptor-associated factor 7); E3 ubiquitin-protein ligase RNF123 (EC 2.3.2.27) (Kip1 ubiquitination-promoting complex protein 1) (RING finger protein 123) (RING-type E3 ubiquitin transferase RNF123); Ubiquitin-protein ligase E3C (EC 2.3.2.26) (HECT-type ubiquitin transferase E3C) (HectH2); E3 ubiquitin-protein ligase MIB2 (EC 2.3.2.27) (Mind bomb homolog 2) (RING-type E3 ubiquitin transferase MIB2)
277,GO:0016888,0.02315939,0.999776543,1,6,"endodeoxyribonuclease activity, producing 5'-phosphomonoesters",MF,F,other molecular function,PGEN_.00g308970,Q93075,TATD2_HUMAN,Putative deoxyribonuclease TATDN2 (EC 3.1.21.-)
278,GO:0004836,0.023847989,0.999857411,1,2,tyramine-beta hydroxylase activity,MF,F,other molecular function,PGEN_.00g283380,Q9XTQ6,TBH1_CAEEL,Tyramine beta-hydroxylase (EC 1.14.17.-)
279,GO:0047134,0.024697427,0.999796292,1,3,protein-disulfide reductase activity,MF,F,other molecular function,PGEN_.00g043790,P97346,NXN_MOUSE,Nucleoredoxin (EC 1.8.1.8) (Protein Red-1)
280,GO:0004813,0.025921049,0.999775482,1,3,alanine-tRNA ligase activity,MF,F,other molecular function,PGEN_.00g183880,P21894,SYAC_BOMMO,"Alanine--tRNA ligase, cytoplasmic (EC 6.1.1.7) (Alanyl-tRNA synthetase) (AlaRS)"
281,GO:0048306,0.03233047,0.997246969,2,29,calcium-dependent protein binding,MF,F,other molecular function,PGEN_.00g043300; PGEN_.00g277910,Q07076; Q61165,ANXA7_MOUSE; SL9A1_MOUSE,Annexin A7 (Annexin VII) (Annexin-7) (Synexin); Sodium/hydrogen exchanger 1 (Na(+)/H(+) exchanger 1) (NHE-1) (Solute carrier family 9 member 1)
282,GO:0000149,0.032605092,0.997201473,2,31,SNARE binding,MF,F,other molecular function,PGEN_.00g024960; PGEN_.00g185010,Q6BK42; Q8BVI5,DDI1_DEBHA; STX16_MOUSE,DNA damage-inducible protein 1 (EC 3.4.23.-); Syntaxin-16
283,GO:0017080,0.032977249,0.999563174,1,5,sodium channel regulator activity,MF,F,other molecular function,PGEN_.00g057380,Q9ESD1,PRSS8_MOUSE,Prostasin (EC 3.4.21.-) (Channel-activating protease 1) (CAP1) (Serine protease 8) [Cleaved into: Prostasin light chain; Prostasin heavy chain]
284,GO:0032451,0.036775868,0.999417441,1,7,demethylase activity,MF,F,other molecular function,PGEN_.00g131030,Q9NXW9,ALKB4_HUMAN,Alpha-ketoglutarate-dependent dioxygenase alkB homolog 4 (Alkylated DNA repair protein alkB homolog 4) (DNA N6-methyl adenine demethylase ALKBH4) (EC 1.14.11.51) (Lysine-specific demethylase ALKBH4) (EC 1.14.11.-)
285,GO:0050544,0.037349993,0.999438633,1,5,arachidonic acid binding,MF,F,other molecular function,PGEN_.00g229290,P33274,CP4F1_RAT,Cytochrome P450 4F1 (EC 1.14.14.1) (CYPIVF1) (Cytochrome P450-A3)
286,GO:0045545,0.03837285,0.999443897,1,4,syndecan binding,MF,F,other molecular function,PGEN_.00g149640,Q80YX1,TENA_MOUSE,Tenascin (TN) (Hexabrachion) (Tenascin-C) (TN-C)
287,GO:0004620,0.040261009,0.999387324,1,4,phospholipase activity,MF,F,other molecular function,PGEN_.00g279730,Q5R6S0,ABHGA_PONAB,Phosphatidylserine lipase ABHD16A (EC 3.1.-.-) (Alpha/beta hydrolase domain-containing protein 16A) (Abhydrolase domain-containing protein 16A) (HLA-B-associated transcript 5 homolog) (Monoacylglycerol lipase ABHD16A) (EC 3.1.1.23)
288,GO:0047372,0.040602593,0.999335707,1,5,acylglycerol lipase activity,MF,F,other molecular function,PGEN_.00g279730,Q5R6S0,ABHGA_PONAB,Phosphatidylserine lipase ABHD16A (EC 3.1.-.-) (Alpha/beta hydrolase domain-containing protein 16A) (Abhydrolase domain-containing protein 16A) (HLA-B-associated transcript 5 homolog) (Monoacylglycerol lipase ABHD16A) (EC 3.1.1.23)
289,GO:0004784,0.041332395,0.999311403,1,5,superoxide dismutase activity,MF,F,other molecular function,PGEN_.00g065700,P80174,SODC_CARCR,Superoxide dismutase [Cu-Zn] (EC 1.15.1.1)
290,GO:0004190,0.043901871,0.999126399,1,10,aspartic-type endopeptidase activity,MF,F,other molecular function,PGEN_.00g024960,Q6BK42,DDI1_DEBHA,DNA damage-inducible protein 1 (EC 3.4.23.-)
291,GO:0004758,0.04448823,0.999250541,1,4,serine C-palmitoyltransferase activity,MF,F,other molecular function,PGEN_.00g171780,P97363,SPTC2_MOUSE,Serine palmitoyltransferase 2 (EC 2.3.1.50) (Long chain base biosynthesis protein 2) (LCB 2) (Long chain base biosynthesis protein 2a) (LCB2a) (Serine-palmitoyl-CoA transferase 2) (SPT 2)
292,GO:0048018,0.003076071,0.999937262,2,7,receptor ligand activity,MF,F,signal transduction activity,PGEN_.00g204470; PGEN_.00g208580,P41221; Q3L254,WNT5A_HUMAN; WNT7B_CHICK,Protein Wnt-5a; Protein Wnt-7b
293,GO:0008020,0.008815286,0.999980666,1,2,G protein-coupled photoreceptor activity,MF,F,signal transduction activity,PGEN_.00g072260,Q5XXP2,OPN4_PHOSU,Melanopsin (Opsin-4)
294,GO:0005115,0.015124701,1,1,1,receptor tyrosine kinase-like orphan receptor binding,MF,F,signal transduction activity,PGEN_.00g204470,P41221,WNT5A_HUMAN,Protein Wnt-5a
295,GO:0005109,0.016181306,0.999078233,2,18,frizzled binding,MF,F,signal transduction activity,PGEN_.00g204470; PGEN_.00g208580,P41221; Q3L254,WNT5A_HUMAN; WNT7B_CHICK,Protein Wnt-5a; Protein Wnt-7b
296,GO:0005227,0.018975916,0.999880056,1,3,calcium activated cation channel activity,MF,F,transporter activity,PGEN_.00g252700,Q9ESQ5,TRPM4_RAT,Transient receptor potential cation channel subfamily M member 4 (Calcium-activated non-selective cation channel 1) (Long transient receptor potential channel 4) (LTrpC-4) (LTrpC4) (MLS2s) (Melastatin-like 2)
297,GO:0015184,0.046815758,0.999078159,1,6,L-cystine transmembrane transporter activity,MF,F,transporter activity,PGEN_.00g186170,P82251,BAT1_HUMAN,"b(0,+)-type amino acid transporter 1 (b(0,+)AT1) (Glycoprotein-associated amino acid transporter b0,+AT1) (Solute carrier family 7 member 9)"
298,GO:0102043,0.00630569,1,1,1,isopentenyl phosphate kinase activity,MF,NA,NA,PGEN_.00g273120,O26153,IPK_METTH,Isopentenyl phosphate kinase (IPK) (EC 2.7.4.26)
299,GO:1902379,0.015124701,1,1,1,chemoattractant activity involved in axon guidance,MF,NA,NA,PGEN_.00g204470,P41221,WNT5A_HUMAN,Protein Wnt-5a
300,GO:0090736,0.032692113,0.999730815,1,2,MATH domain binding,MF,NA,NA,PGEN_.00g334400,O01761,UNC89_CAEEL,Muscle M-line assembly protein unc-89 (Obscurin) (Uncoordinated protein 89)
301,GO:0045080,0.039244881,0.999418116,1,4,NA,NA,P,protein metabolism,PGEN_.00g204470,P41221,WNT5A_HUMAN,Protein Wnt-5a
302,GO:0002741,0.024432913,0.999850285,1,2,NA,NA,P,transport,PGEN_.00g204470,P41221,WNT5A_HUMAN,Protein Wnt-5a
303,GO:0050718,0.026372721,0.999767541,1,3,NA,NA,P,transport,PGEN_.00g204470,P41221,WNT5A_HUMAN,Protein Wnt-5a
304,GO:2000484,0.039192748,0.999381401,1,5,NA,NA,P,transport,PGEN_.00g204470,P41221,WNT5A_HUMAN,Protein Wnt-5a